assists_per_game,assists_per_game_allowed,blocks_per_game,blocks_per_game_against,field_goal_percentage,field_goal_percentage_allowed,free_throw_percentage,free_throw_percentage_allowed,losses,offensive_rebounds_per_game,offensive_rebounds_per_game_allowed,pf_per_game,pf_per_game_allowed,ppg,ppg_allowed,rebounds_per_game,rebounds_per_game_allowed,steals_per_game,steals_per_game_allowed,three_point_percentage,three_point_percentage_allowed,turnovers_per_game,turnovers_per_game_against,wins,won_tournament
19.2,15.1,3.2,3.3,48.8,44,71.6,66.7,4,13.1,11.9,16.5,19.9,90.8,74.6,39.2,36.5,10,6.6,37.7,35.2,14.7,19.9,27,0
15.9,13.9,4.6,3.3,44.6,42,64.8,65.4,8,14.2,13.1,19.6,20.2,82.3,72.4,39.5,40.3,10.5,6.5,35.3,35.6,16.6,22.5,23,0
12.1,12.5,2.9,3.4,44.5,40.6,66.3,70.3,10,9.6,9,18.6,22.8,67.4,62.1,35.2,30.9,5.4,6.2,31.8,31.1,14.9,14.4,22,0
12.5,10.2,4.4,2.8,45.7,39.3,67.9,68.2,5,14.1,10,18.8,22.4,76.1,63.2,40.1,31.5,7.7,6.2,34.7,30.9,15.8,17.1,26,0
15.1,11.2,2.8,2.9,47.2,43.1,61.4,67.9,13,11.5,8.8,21.4,19.9,72.2,65.3,34,32.4,8,5.8,33.8,36.2,12.7,16.5,18,0
14,8.9,3.9,2.7,45.9,38.8,69.4,63.4,5,10.8,11.5,16.2,17.8,69.6,56.2,35.8,34.6,10.7,5.3,35.3,27.6,13.2,18.1,24,0
14.3,12,4.2,4,45.8,39.3,73.3,66.6,4,12,11.6,18,18.8,76.6,63.9,39.1,35.2,8.5,6.5,35.7,31.2,14.2,16,29,0
15.6,10.6,2.1,2.9,42.8,41.8,67.2,68.3,9,12.6,9.9,19.4,19.8,70.7,65,37.7,34.2,7.4,7.7,34.3,35.7,16.7,17.7,20,0
14,13.2,3,3,44.5,43.9,71.3,67.3,9,9.3,10.2,18.9,20.7,73.2,70.9,35.8,36.7,8.1,8,36.5,31.8,17,16.9,20,0
14.2,12.9,5.1,3,47.5,41.1,67.4,66,3,13.3,11.1,18.6,21.5,85.6,64.1,38.2,35.3,9.4,5.5,36.9,30.5,12.7,19.9,29,0
15.8,13.4,3.7,2.2,47,45.3,66.3,71.3,9,12.2,11,20,16.7,79.8,75.5,37.4,36.3,7.8,6.5,36.8,35.8,14,15.8,20,0
14.8,15,5.8,3.3,45.5,40.9,67.6,61.8,6,15.4,13.2,20.1,21.7,83.5,75,45.7,37.2,8.7,10,36.4,32.7,20.5,17.9,23,0
14.5,11.7,5.1,3.6,45.7,40.7,66.5,69.4,13,11.8,11.2,19.8,19.3,71.5,69.3,39,34.2,7.4,9.3,29.5,31.5,17.1,14.5,17,0
15,12.2,2.7,4.1,44.6,40.2,64.9,67.7,8,12.8,10.8,21.7,21.7,73.2,68,40,35.5,7.1,6.8,32.3,33.6,15.5,15.3,24,0
14.1,11.6,2.7,2.5,43.6,43.2,73.1,63.8,5,12.6,10.9,18.8,21.3,74.6,66.1,36.9,34.9,6.1,5.7,41.7,36.7,12.9,15.8,22,0
14.2,12.6,2.7,2.5,44.2,41.7,68.4,68.7,9,9.3,9.8,18.7,18.5,69.7,63.5,33.4,34.4,7.3,5.2,36.3,31.5,13.5,16.2,22,0
18.6,13.7,2.4,2.5,47.8,41.8,67.5,68,5,9.6,10.2,20.3,18.9,76.2,68.7,35.5,35.1,8.4,8,37.5,32.4,15.3,16.7,24,0
17.7,15.7,3.5,2.3,49.1,44.6,73.1,67.5,11,9,11.8,18.2,19.6,76.8,73.3,33.8,35,7.3,7.6,38,34.1,15.3,15.5,19,0
15.1,12.4,6.1,2.3,46.2,40.7,68.9,69.8,5,11.7,12.1,19.6,21.3,80.4,69.5,37.5,37,9.5,7,35,33.5,15.2,19.1,27,0
19.1,13.1,5.6,3.1,49.3,40.2,68.1,65.4,3,13.9,11.3,16.7,19.1,84.6,67.4,43.2,34.2,8,8.1,38.3,31.4,16,17.1,34,0
17.7,12.4,6,2.8,48.2,38.4,67.5,68,4,13.5,11.2,18.5,18.5,80.1,67,42.1,33.8,8.7,6.9,36.7,34.6,14.9,15.9,29,1
18.9,13.2,4.9,3.6,46.1,40.8,67.8,65.9,10,11.5,12.4,19.8,20.1,78.8,72.1,39.9,37.6,8.7,7.3,34.9,32.9,16.9,19,19,0
13.9,10.2,5.4,2.5,44.7,40.4,70,67.9,10,12.5,10.7,21,19.1,69.7,65,38.5,32.5,6.1,6.9,33.9,34.4,14.8,13.5,21,0
14,12.7,4.2,2.6,44.3,38,65.6,64.6,9,11.8,12.5,19.9,18.3,69.9,65.4,40.2,38.4,9,8.6,29.2,29,17.4,17.7,18,0
15.8,15,3.9,2.1,48.8,40.1,69.4,65.5,8,11.1,10.6,17.4,18.6,77.4,67.2,38.6,31.9,7.1,7.5,41.9,35.6,15.8,13.9,24,0
14.9,11.4,3.9,3.1,44.9,40.9,67,69.1,7,14.4,10,19.2,18.7,73.4,64,39.8,31,7.7,7,35.7,30.1,15.4,15.5,20,0
16,13.5,2.8,2.4,50.1,41.4,67.8,65.9,3,13.4,10.5,19.2,21.4,87.3,71.2,43.2,33.4,6.2,5.9,40.4,29.4,14.2,14.7,29,0
17.9,13.3,2.9,2,51.1,43.6,73.4,66.4,7,8.7,9.9,19.1,20.2,80.2,67.4,33.8,30.7,7.7,7.4,43,31.2,16.8,17.3,21,0
18.4,12.4,4.9,2.1,51.8,38.4,71.1,67.5,3,11.7,11.9,14,19.9,81.9,65.6,39.8,32.3,6.8,6.1,36.2,32.1,13,13.2,30,0
13.8,10.4,3.4,3.6,43.3,41,64.4,66.5,10,13.1,9.6,21.1,20.4,71.1,64.7,40.3,34.9,9.3,8.1,29.7,31.1,16.2,18.5,19,0
16,14.5,4.8,4,44.7,40,62.6,65.9,11,13.7,13.2,18.2,18.1,71.6,68.5,39.5,38.2,10,8.3,34.4,31.8,17.2,17.2,20,0
16.5,12.8,3.6,2.2,47.1,42.4,75.6,67.1,7,9.2,10.7,14,15.9,75.5,66,34,34,7,5.4,40.2,39.8,12.3,13.3,23,0
16.6,16.1,3.1,2.6,46,48.7,69.2,65.5,9,10.3,11.5,20,20.2,76.8,75.7,33.1,37,10.1,8,32.6,35.1,15.9,19.2,19,0
14.5,11.5,4.2,3.9,44.6,42.9,70.1,68.7,10,12.7,10.4,19.7,21.8,74.6,68.3,38.2,33,7.4,7.5,35.1,32.9,15.5,14.8,22,0
17,12.6,1.8,3.3,46.7,44.4,70.4,69.2,6,11.6,9.6,17.1,20.1,78.9,69.2,36.9,34.1,8.6,5.8,33.1,33.3,13.9,17.4,21,0
13.7,11.7,4.2,2.1,45.3,40.6,65.2,66.6,6,14.1,9.7,22.5,23.3,80.5,68.1,41.4,34.9,8,6.3,37.5,30,15.4,16.8,22,0
10.2,14.6,2.8,4.5,38.9,42.5,60.4,62.5,16,13,14.9,21.9,21.8,70.9,79.2,41,47.1,9.2,7.6,26.5,31.4,17.5,18.9,13,0
16.5,7.9,2.7,1.5,49.8,41.5,67.4,68,1,6.3,8.5,15.8,17.5,66.5,51.6,26.6,29.5,8.4,4.7,38.9,30.7,10.1,15.1,26,0
18.9,15.8,3.8,2.7,48.4,44.3,76,67,7,12.7,12.5,16.3,20.6,83.7,72.3,37.1,34.8,8.7,7.2,37.4,36.3,15.5,17.4,26,0
16.7,12.4,3.1,3.1,47.1,44.1,69.2,65.7,9,9.8,10.9,20.2,18.1,75.3,71,35,34.3,8,8.5,38.4,36.7,17.7,17,20,0
15,12.2,4.8,3,45.1,41.2,70.9,67.6,8,10.7,14.4,17.6,20.1,77.7,71.9,36.6,40.7,7.3,6.2,37.4,34.7,12.5,14.7,22,0
14,12.6,3.1,2.9,45.6,44.7,69.9,62.1,7,9.8,10.6,14.5,17,70,61.9,31.9,33.8,6.1,4.7,39.8,33.3,10.8,13.9,22,0
15.1,11.1,3,3.2,48.5,40.6,64.6,62.3,6,10.4,8.1,16.3,18.4,65,54.5,33.9,26.4,6.8,7.9,39.8,31,15.8,15.6,21,0
12.5,12.4,3.6,4.5,44.2,40.9,69.1,66.1,7,10.5,11.4,15.6,21.7,71.3,67.3,37.6,35.9,5.9,7.5,33.1,34.2,15.1,14.2,23,0
10.4,11,4.2,3.4,45.9,43.3,68.1,64.6,7,10.6,10.5,20.4,19.9,73.9,70,36.2,34.3,7,6.4,41.1,34,17.4,16.6,22,0
15.3,11.8,2.4,2.4,46.7,45.3,70.1,67.7,10,12.5,8.6,20.1,17.7,73.2,66.3,35.9,30.3,9.3,6.6,34.6,36.2,16.3,18.2,19,0
14.5,12.2,4.1,3.1,43.9,40.7,64.1,67.3,9,15.4,12.1,19.3,20.7,72.9,68.2,42.4,35.1,7.3,7.8,32.3,32.4,16.7,15.5,22,0
13.4,12.2,2.2,3.8,43.1,42.9,66.3,67.2,10,9.7,11.7,18.6,19.7,67.3,63.3,32.1,36.5,8.6,8.2,35.4,30.5,15,19.3,21,0
16,13.2,2.9,3.2,45.5,41.7,74,68.4,4,13,9.3,18.2,20.9,80.2,68.3,41.3,31.9,5.3,7.2,40.8,33.7,14,13.4,26,0
15.8,15.9,5.5,3.2,43.5,41.8,67.6,65.4,8,12.4,11.2,17.1,18.7,70.9,67,38,36.7,9.4,7.5,32.9,32.2,15.9,16.6,24,0
19.7,14.6,4,2.6,49.5,43.3,73.3,62.7,5,15.7,13.3,18.3,19.6,97.2,77.9,44.5,39.1,11.1,8.2,36.7,33.3,15.4,20.7,27,0
11.3,13.5,4.3,2.7,40.2,38.8,67.6,70.6,8,11.5,12.7,16,17.4,65.7,60.7,34.6,37.5,10.7,5.6,32.7,34.6,11.7,16.5,21,0
13.6,13.5,5.5,4.4,42.6,40.6,64.3,66.4,8,11.7,13.2,20.2,21.1,75.9,70.6,38.8,41.2,8.3,7.8,37.7,34.8,15.7,18.1,20,0
15.9,15.5,3.3,2.9,49,46.2,66.4,67.2,8,12.2,12.5,19.7,21.5,83.1,80.4,36.2,35.9,8.6,6.8,34.5,37.5,16.7,17.8,22,0
13.3,13.5,3.1,2.9,42.2,40.5,65.6,66.9,12,10.9,11,17.8,21.3,69.8,66.6,38.5,37.1,6,6.1,34.3,30.2,13.9,13.9,20,0
14.6,9.4,3.3,2.4,48,38.6,73,71.7,3,9.9,7.3,18.2,19.6,70,57.6,36.9,27,5.8,6.1,37.2,30.5,13.5,12.4,25,0
10.7,12.4,2.1,2.6,48.5,43,70.2,66.6,7,10.3,8.6,17.4,18.8,71.8,64.8,35.4,29.7,5.6,4.8,43.1,33.3,13.7,13.3,25,0
15.9,13.5,2.7,2.1,47,42.1,70.4,67.3,9,11.7,10.6,19.5,19.5,73.9,68.4,37.4,32.5,6.5,7.1,37.5,36.2,14.9,13.8,21,0
15.3,12.3,2.4,2.8,47,44.2,74.6,71.4,7,9,11.1,19.1,19.8,78.8,70.4,32.6,36.7,9.5,5.1,40.9,36,14.7,19.7,20,0
15.9,12.8,3.5,3.7,46.1,43.7,61.3,65.1,8,14.7,11.7,18.3,18.2,80.2,69.2,40.2,37.2,12.2,7.1,33.2,31.4,13.4,19.6,22,0
15.4,14.4,3.8,2.6,48.8,46.2,70.3,72.3,9,10.3,10.9,17,20.4,78.6,76.6,35.5,33.1,6.6,8.3,35.3,35.3,17.6,16.1,18,0
16.4,13,2.7,2.7,48.4,44.7,73.8,64.9,7,13.1,10.4,21.7,22.5,83.5,68.8,36.8,31.7,11.7,7.5,34.9,32.7,17,21.7,22,0
13.5,11.5,4,3.5,41.8,39.6,64.2,63.7,6,16.1,11.8,19.9,19.8,75.8,67,45.5,37.6,11,9.4,32.3,31.9,19.3,19,23,0
14.3,15.4,3.2,2.9,46.8,42.3,71,67.8,6,13.6,11.2,18,22.2,82.2,75.2,42.2,33.9,7.4,8.6,35,36,17,15.3,22,0
16.4,14.4,4.1,3,44.6,42,66.2,66.4,10,12.4,12.7,18.5,18,78.7,71.9,36.7,39.5,9.4,5.8,36.8,35.3,14.4,18.1,22,0
14.9,13.7,3.4,2.6,45.7,43.7,68.9,65.8,11,10.3,11.5,19.3,19.3,73.5,68.7,34.2,36.6,8.8,7.3,32.6,32.1,14.9,18.2,18,0
14,11.2,3.3,3,43.4,39.6,65,62.5,3,17.3,10.9,19,20.3,81.2,61.6,43.9,34.8,9.8,5.5,34.8,32.6,12.8,19.9,27,0
14.1,9.8,4.5,2.6,46.4,38.2,68,66.8,5,12.8,11.2,18.6,19.7,73.9,61.2,39.1,32.6,7.8,6,32.7,34.1,14.5,16.7,26,0
14.1,10.6,6.2,2.5,48.8,38.8,70.6,69.6,2,11.4,9.6,16.5,18.8,72.8,59.2,37.5,30.6,9.2,6.5,36.7,33,14.5,16.5,28,0
15.3,11.9,4.1,3.3,46.7,38.7,73.2,64.1,2,12.2,11.6,16.7,19.6,77.3,61.3,40.5,33.2,8,6.7,34.4,28.8,14.5,16.4,28,1
14.5,14.5,2.8,3.2,45.5,45,71.4,70.5,8,12.4,8.6,19.2,20.2,76,68.6,36.4,30.6,9.2,7.6,38.2,36.8,15.3,17.2,21,0
14.7,12.3,4.5,2.8,46.8,40.8,72.6,68.5,5,9.3,11.8,17.5,20.8,77.2,67.7,36.5,37.2,7.8,7.3,37.3,31.6,14.7,16.4,25,0
16.3,12,6.3,2.6,51.4,39.1,70.5,66.3,1,13.8,12.3,18.3,22.9,91.8,67.2,42.2,33.4,8.9,7,39.6,30.1,14.8,17.4,32,0
17.2,14.9,1.8,3,50.5,44.5,77.2,66.9,9,7,10.7,17.9,18.8,75.8,71.8,32.5,32.7,6.3,8.4,40.7,35.2,15.9,14.5,23,0
16,14.1,3.8,3.4,47.3,42.7,70.3,64.4,8,10,11.5,19.7,21.7,80.3,70.2,36,35.2,10,8.6,37.9,34,17.9,19.1,20,0
10.7,13.4,2.9,4.5,38.8,43,62.4,67.8,18,15.6,12.6,23.8,23,73.1,77.7,43.8,41.9,10.1,8.1,28.8,37.6,18.9,19.5,12,0
13.2,12.9,4.5,4,45.6,42.9,61.3,66.9,10,11.9,11.7,18.3,18.1,73.8,67.7,36,37,10.1,6.8,35.6,37.3,15,19.3,19,0
15.2,14.1,2.8,4.9,41.3,45.3,72.3,69.6,8,14.8,11.7,22.4,21.5,79.4,74,39.2,38.8,10.6,6.7,31,34.8,14.5,20.8,20,0
16.3,12.4,3.9,2.4,47.4,40.4,72.5,67.9,6,10.6,11.1,18.5,19.1,78.4,65.1,37.3,33.8,8.3,6.5,39.8,31.1,14.2,15.2,25,0
16.6,15,3.4,3.8,46.9,41.9,69.7,70.3,10,9.6,12,17.3,20.1,75.4,69.6,35.7,37.2,7.6,6.9,36.1,34.6,15.3,16.6,22,0
15.1,15.5,2.7,2.6,46.3,45.2,70.1,68.3,9,12,10.2,18.2,21.6,73.9,70,35.3,31.1,8.9,8.6,37.3,37.7,17.6,17.5,18,0
15.8,12.3,4.3,4.3,44.8,39.1,66,65.3,9,11.9,12.1,17.9,19.5,72.1,64.5,40.9,37,8,8.2,34.2,30.5,15.6,16.2,22,0
16.1,11.4,5.2,2.8,47.7,38,63.9,65.9,8,12.2,11.6,16.9,18.9,75.4,62.7,39.6,33.9,7.6,7,33.3,32.9,14.8,16,25,0
15.5,12.9,4.4,2.3,43.2,40.2,70.3,67.9,7,9.6,11.1,19.5,20.9,72.2,66.2,35.7,37.2,8.6,7.1,34,32.2,14.8,16.8,22,0
16.8,12.4,4.8,2.9,47.1,43.7,67.8,66.2,10,12.5,13,21.4,20,76.9,69.8,35.1,37,9.4,8.3,33.9,31,16.6,19.2,19,0
19.8,13.4,5.9,3.1,49.5,38.8,70.1,65.8,5,12.3,12.1,19.9,20.1,84.5,66.4,39.5,35.6,12,7.8,36.4,30.3,16.7,21.5,26,0
15.3,12.2,5.3,2.7,47.3,38.4,69.9,64.4,6,11.3,11.7,17.3,19.3,72.6,65,39.4,34.6,8.7,10.5,33.3,31.4,19.1,17.6,22,0
12.1,11.1,1.9,3,44.8,42.1,76.4,71.1,7,8.7,8.1,18.2,18.2,67.6,60.4,32.5,31.6,6.7,5.5,33.6,31.3,11.9,14.2,22,0
15.1,10.9,2.6,2.8,47.3,42.6,73.3,69.3,4,13.4,8.3,18.2,18,71.7,59.5,36.4,27.1,7.8,6.3,33.9,31.9,14.2,15.4,29,0
15.3,12.6,5.8,3.8,45.3,40.1,67.7,67.8,10,10.6,9.8,18.1,18.3,68.9,65.3,38,34.1,7.6,7.3,37.4,35.8,14.8,14.6,17,0
14,12.6,3.6,3.4,44.5,39.3,64.8,65.1,8,9.9,11.2,18,18.4,71.8,63.2,37.7,38,8.9,7.9,38,31.8,14.6,16.5,20,0
14,13.5,4.1,2.8,42.9,42.9,68.9,65.4,14,9.9,13.3,18.2,16,68.3,69.3,33.9,39.5,8.3,7.9,33.7,32,14.7,16,15,0
15.3,13.5,3.3,2.5,46.9,41.1,68.1,67.3,5,14.2,10.9,17.4,18.7,78.5,67.1,41.3,33.6,8.3,6.8,34.4,31.4,15,15.7,27,0
15.9,12.7,3.9,3.6,47.1,39.3,71.8,65.8,9,11.2,10.7,14.9,18,71.4,64.9,40.1,30.9,5.6,7.8,37.9,32.7,15.6,11.1,24,0
13.9,13.1,3.3,2.8,46.7,42.6,75.2,66.7,8,9.5,10.5,13.6,17.7,74.8,67.6,36.1,34.1,6.5,6.6,37,31.8,12.7,12.5,24,0
12.8,12,2.5,2.9,46,42.9,66.8,70,9,10.6,10.3,17.5,17.7,68.9,65.1,34.4,32.9,7.2,6.2,37.8,34.7,14.4,14.4,23,0
13.8,11.3,4.1,2.4,46.8,40.4,61.1,68.5,8,11.8,10.3,18.1,19.6,74.9,64.8,36.3,34.5,8.2,5.4,35.7,33.2,14.1,17.7,23,0
14,10.5,3.9,2.8,42.1,40.4,65.1,64.9,10,11.8,9.2,19.1,18.8,70.2,61.9,38.1,35.2,7.2,6.4,38.6,32.9,14.5,15.9,20,0
17,12,3,2.6,44.3,42.5,70.2,66.7,10,10.9,10.7,17,18.9,71.5,63.1,35.3,35.1,7.7,6.4,36.1,30.1,13.1,16.3,22,0
16.5,12.1,4,3.9,46.8,42.2,62.6,68.2,12,10.8,10.2,20.5,21.2,77,67.1,36.3,35.6,9.2,6.6,31.7,32.3,15,19.2,19,0
15.3,12.5,3,2.7,46.8,40.7,65.3,65.5,5,9.5,8.6,16,18.9,71.1,60.7,36.9,31.9,5.6,6.1,39,31.9,13,12.4,21,0
14.1,14.4,3.2,3.5,43.9,44.5,67.1,69.3,12,11,10.9,16.1,19.9,68.5,65.7,33.6,33.9,8.1,8.1,31.8,31.6,15,16.8,19,0
14.2,14.2,4.6,2.2,46.1,39.3,66.5,68.1,10,12.8,12.7,16.8,18.9,72,68,40.4,34.8,5.9,7.6,34.2,31.9,14.9,12.3,20,0
16,8.9,3.1,1.9,49.4,42.1,69.2,70.5,5,7.1,9.9,17.8,19.5,72.9,62.7,29.5,32.2,7.8,6.6,36.8,30.9,14.2,16.1,24,0
15.7,15.9,3.6,4.1,44.8,43.4,78.7,67.5,5,12.6,13,24.5,22.8,86.7,79.8,39.2,39.2,10.3,8.7,37.2,34.9,18.2,20.2,25,0
16.7,14.7,3.3,4,45.9,41.5,68,68.6,8,14.2,10.7,16.6,18.8,79,65.4,40.6,34.6,9.9,6.6,35.7,30.2,13.6,17,25,0
15.5,11,2.9,2.8,43.8,38,70.6,68.7,6,12.1,9.9,16.7,22.5,73.5,60.7,40.7,32.1,5.7,6.9,34.3,28.4,13.1,12.8,25,0
16.3,13.7,6.9,2.5,44.8,39.1,66.3,69.4,11,12.8,11.2,17.9,18.1,72.3,63.2,39.9,35.7,9.9,8.2,31.1,34.1,16.4,18.1,21,0
12.8,13.4,3.6,3,41.4,38.5,65.4,64.7,10,12.9,11.3,15.1,17.3,66.6,58.5,36.3,35.3,9.9,5,30.9,37.1,10.5,15.5,21,0
13.6,11.9,6.3,3.3,42.3,38.4,69.6,68.1,8,11.8,12.3,18.3,20.8,72.6,65,38.8,38.6,8.7,8.5,33.2,31.8,16.1,17.1,20,0
11.5,12.2,5.1,2.5,42.4,40.6,65.1,67.5,12,12.9,10.4,17,20.5,68.4,64.9,39.1,34.6,8.2,8.2,32.4,35.7,16.1,15.5,19,0
13.9,11.1,5.4,2.7,43.7,38.4,65.4,66,9,11.2,10.9,20.5,19.7,70.4,64.4,38,35.1,8.9,9.7,35.4,32.2,17.9,17,22,0
16,15,4.2,2.4,47.4,45.2,61.6,68.1,10,10.4,11.2,19.1,20.8,77.5,75.4,35.8,37.4,8.1,8.2,34.4,39.6,16.8,17.4,18,0
14.1,13.4,2.8,3.3,45.3,41.9,68,67.3,11,12.6,11.9,19.8,19.7,74,70.5,39,36.5,8.9,8.7,32.3,29.4,17,17,20,0
15.7,13.4,3.6,3.3,45.4,41.3,59.7,69.5,8,13.4,10.7,23.3,19.7,77.2,70.7,38.6,36.9,9.3,6.9,32.7,32.3,17,20.2,22,0
16,10.2,3.7,3.1,47.7,39.5,69.9,71.1,4,10.6,6.9,17,16.2,71.3,55.4,36,27.8,7.2,5.6,34.5,34.1,11.6,13.9,27,0
16.2,14.1,4.4,2.1,47,41.1,70.1,66,8,11.9,9.5,17.4,17.5,72.6,64.1,38.1,31,6.4,7.5,34,35.3,15.6,14.3,23,0
15.1,15.4,4.6,2.9,44.6,42.3,73.3,68.8,10,11.6,11.5,17.5,18.9,75,70.7,37.5,36,7.2,8.4,35.9,34.2,15.3,14.8,21,0
15.2,13.4,3.2,2.4,47.7,43.2,66.7,70.9,11,9.2,10.9,16.9,21.1,74.2,71.5,35.5,34.3,6.5,8.5,34.8,31.6,16.3,13.9,17,0
16,14.1,2.7,3.4,47.9,46.5,70.8,69.5,7,11.7,9.3,17.7,18.7,79.1,73,35.7,32,9.4,6.7,37.7,36.1,15,16.9,24,0
14.3,11.9,2.7,2.8,43.2,42.6,65.5,68.3,7,10.6,9.1,18.9,19.7,68.8,64.6,35.6,33.9,7.4,7.9,34.9,34.5,15.2,15.8,21,0
13.5,9.8,2.4,2.8,43.5,40.7,74,67.2,9,7.5,8,18.3,17.6,62.1,55.2,29.5,31,7,5,35.7,33,11.8,15.2,22,0
16.6,13.9,3.9,3.2,48.6,42.8,70.9,67.4,8,10.1,11.3,19.6,18.8,79.1,69.6,36.2,35.4,10.2,7.8,38.8,30.4,15.8,18,23,0
15.9,13.9,5.6,2.8,45.7,40,73,69.4,6,10.6,10.8,14.7,21.6,76.4,67.2,38.5,35.7,7.5,6.6,32.2,34,15.1,16.9,26,0
13.4,13.2,3.5,2.9,42.9,42.7,60.3,68.1,14,11.9,12.3,20.8,18.2,74.4,69.8,34.4,40.3,11.2,6.3,35.1,36.1,14.5,21.2,19,0
12.9,11.5,3,3.4,41.3,41,65.5,68.5,9,13.5,9.8,17.1,19.1,71.3,64.4,39.5,35.6,7.3,5.6,32.6,31.7,13.2,16.3,23,0
13.8,14.5,4.3,2.2,45.3,42.3,61.2,67.4,8,11.5,12.2,17.1,19.1,74.2,69,36.7,38.3,8.3,5.9,40.1,33.1,13.6,16.6,22,0
13.9,11.7,2.8,3.3,47.1,38.6,65.9,68.4,7,9.3,8.4,16.5,18.9,68,55.7,34.2,30.6,7.6,5.8,37.7,31.7,12.4,15.5,23,0
14.3,12.5,5,2.9,45.1,38.3,70.7,69.9,5,13.4,10.8,17.8,18.5,73.6,63.6,42.5,37.1,8.9,7,35.6,30.1,15.5,16.6,25,0
15.5,11.8,6.6,2.5,48,38.3,70.3,65.2,3,11.2,10.6,17.1,21.5,77.6,61.5,38.7,34.1,7,5.9,36.1,33.3,13.5,16.2,28,0
15.1,13.8,5,3.2,46.2,39.6,72.8,70.9,9,12.8,12,17,17.1,74.6,65.3,38.9,33.8,6.6,7.1,38.6,32.2,14.1,13.7,24,0
15.2,13.6,2.3,2.3,47.7,43.3,72.1,71.8,9,8.4,8.8,18.3,18.5,73,66.4,33,30.8,7.9,7.2,41.6,34.9,14.6,14.9,23,0
13.3,12.2,2.2,3.2,43.3,42.7,71.3,69.7,8,13.1,10.5,18.1,19.5,71.4,64.9,37.3,32.8,6.9,5.8,36.9,31.1,13.8,14.5,22,0
14.8,12.4,3.8,3,45.3,42.2,67.1,64.9,10,14.2,10.4,18.1,17.7,72.3,64.3,39.4,31.5,8.1,7.4,34.5,32.4,16.3,16,21,0
17.2,13.9,5.6,3.6,48.1,41.7,74.2,67,4,11.9,13.6,16.3,20.2,88,71.3,38.6,37.7,9.8,7.1,38.3,35.7,14.1,18,27,0
16.5,13.3,3.8,3.5,48,42,70.9,63.9,7,12.8,10.4,20.2,21.5,83.8,68.9,39.8,34.2,9.9,7,36.3,32.8,16.3,19.5,24,0
19.2,16.5,4.7,1.9,47.1,42.3,70.3,68.4,9,11.5,14.7,17.6,17.9,82.3,76.7,38.6,41.4,8.2,7.9,35.1,32.4,14.9,15.3,24,0
16.6,13,4.3,2.4,48.1,38.8,66.4,68.6,8,10.3,11.1,18.4,20.3,77.7,65.9,38.2,35.6,5.8,6.1,36.3,30.6,13.3,14.6,24,0
14,11.6,4,2.5,45.6,41.6,68.7,72,6,11.6,8.3,18.2,18.6,74.4,63.2,37.3,32.8,8.7,6.6,35.9,33,13.4,16.6,24,0
15.6,12.7,3.7,3.1,43.3,40.4,68.9,68.5,9,10.7,9.9,19.3,20.4,75.8,65.6,36.8,36.7,9.3,6.1,35.5,30.8,14.3,18.2,21,0
16.2,13.3,4.9,3.6,47.8,38.8,70.7,68.7,8,9.9,12.2,18,21,77.7,68.4,38.8,37,7.5,6.9,37.6,33.2,14.6,16,20,0
12.7,12.8,3.3,2.6,43.5,43.7,70.5,69.2,9,8.8,8.6,17.2,18.2,66.8,63.4,33.2,34.5,9,6.4,35.5,34.3,13.1,16.3,22,0
17.1,13.2,6.9,3.8,45.1,41.8,72.5,68.7,10,12.7,12.7,19.6,21.5,78.8,75.9,40.9,38,7.5,9.8,34.4,32.9,17.9,16.4,20,0
15.3,11.4,3.2,4.8,48.5,41.3,70.3,73.4,4,10.7,9,15.2,20.6,78.3,65.1,38.5,32.2,7.5,6.8,36.7,32.8,14,15.7,29,0
12.3,11.1,5.1,3.7,40.8,40.3,63.9,64.4,15,13.4,12.2,20.7,22.2,66.6,68.2,40.6,37.5,7.6,9.8,24.8,34,19.2,18.2,17,0
18.6,14.2,5.5,3.8,46,40.1,65,65.2,9,15.3,11.8,21.3,18.3,78.7,70.1,44.2,36.1,9.1,8.6,34.3,34.7,17.3,18.3,23,0
12.9,10.7,5.6,2,42.3,39,68.8,64.6,9,12.6,10.8,16.2,19.5,69.1,62.8,39.5,34.7,6.1,6.9,29.2,32.6,15.2,14.5,22,0
15.3,12.4,3.4,2.7,45.4,39.6,71.9,69.1,6,9.4,10.7,18.1,19.8,73.5,64.1,35.4,34.2,10.1,7.5,39,33.1,16,18.3,24,0
14.5,12.7,3.4,2.7,43,40.9,61.5,68,8,13.4,11.4,19.9,20,71.7,67.7,40.2,37.4,8,7.5,33.3,28.6,16.1,16.9,25,0
12.8,13.7,2.8,3,39,42.1,68.6,66.2,15,11.1,10.2,17.1,16.9,62.9,65.2,36.4,36.7,7.3,8.7,33.6,32.6,15.6,14.5,15,0
16.7,12.6,4.5,3.2,46.6,42.4,70.4,68,11,11.3,11.9,18.5,17.9,73.2,66.2,33.9,35.6,9.2,6.8,32.9,33.5,15.8,19.1,19,0
14.8,11.9,5.4,2,48.7,38.2,64.3,63.5,5,11.6,10.7,16.2,21.8,75.8,62.7,40.5,32.5,9.2,7.8,35.1,31.4,17.5,16.5,26,0
19,14,6.6,4,46.5,40.3,68.5,68.1,9,11.9,12.4,18.3,18.5,76.7,68.2,38.6,36.8,10.1,8.4,35.3,33.1,16.2,18.4,24,0
14.6,12,3.6,3.2,43.1,39.4,74.8,68,10,12.5,11.6,18.1,18.6,69,62.6,37.8,35.7,8.4,6.8,29.9,29.8,14.8,18.1,21,0
15.4,11.1,2.7,2.6,47.4,39.4,73.5,68.4,7,12.1,7.6,18.5,18.9,74.1,58.9,38.9,27.3,6.6,5.6,37.8,30.2,14.6,13.6,26,1
13.7,14.1,2,3.5,42.3,45,71,68.8,12,9.5,10.7,19.5,19.5,74.3,69.9,33.6,38.5,8.8,5.5,36.2,33,13.3,17.7,18,0
15.6,12.4,3.2,2,47.3,42,73.9,68.8,10,8.2,10.4,18.5,18.5,72.1,69.1,35,33.1,3.9,7.9,39,31,16.8,11.8,20,0
16.9,14.3,4.9,3.2,49.1,40.8,70,69.1,13,10.8,12.6,16.1,18.4,75.4,70.2,38.6,34.6,5.8,8.3,34.4,30.8,14.9,11.6,18,0
12.9,11.8,6.7,2.6,45.6,37.8,70.4,66.2,6,11.3,10.5,17.3,18.9,72.7,61.7,37.6,34.5,6.5,5.2,31.8,35.6,12.7,15.2,22,0
15.4,11.2,2.6,2.5,45.8,40.6,71,70.2,6,11.3,9.1,18.9,17.9,74.9,62.3,37,32.9,7.1,6.1,38.3,30.3,12.8,15.8,26,0
18.7,12.1,3.5,2.9,48,39,70,60.8,6,10.6,11,17,19.4,77.1,62.3,38.5,34.2,7.5,6.2,38.6,29.5,14.5,16.6,24,0
16.4,11.9,2.9,3.9,46.8,42.9,74.5,65.6,7,9.7,10.5,19.7,18.7,75.6,68.2,34.9,32.9,6.9,6.5,31.2,34.8,15.6,17.1,22,0
15,12.3,4.1,2.1,45.2,40.3,64.4,66.7,7,9.1,9.2,16.4,18,67,60.1,36.2,32.6,5.4,6.3,35.2,34.8,12.7,12.9,21,0
14.5,12.6,2.8,2.8,44.4,40.3,66.9,65.9,8,10.9,10.3,19.4,16.8,73,63.2,38.1,36.7,9.3,5.2,34.4,30.5,14.8,18.6,24,0
14.2,13.3,3.1,3.3,44.4,44.8,68.4,63.4,9,12.1,9.9,17.6,22.2,73.7,66.1,36,33.4,7.7,6.4,35,30.5,14.9,16.6,21,0
10.5,12.4,3.9,3.8,39.2,42.7,67.6,64.9,13,15.1,11.1,20.2,18.8,70.2,71.2,40.9,37.1,6.9,6.2,33.3,37.6,14.1,13,20,0
16.9,11.2,3.2,2.1,50,42.2,69.9,69,10,7.2,8.7,16.5,17,72.6,62.4,31.1,30.4,7.2,7.2,38.9,33.6,13.6,14.6,21,0
12.4,10,5.1,2.2,44.5,38,70.2,71.8,6,9.5,10.5,17.5,19.8,69.4,61.5,36.4,35.9,6.1,6.6,34.6,29.9,15.4,14.8,22,0
14.3,14,6.2,3.9,43.3,39.8,67.9,66.5,9,11.8,13.5,17.2,17.5,71.7,66.2,37.7,39.3,7,6.8,36.5,32,14.8,14.4,20,0
12.3,11.9,2.7,2.5,44.7,41.2,66.1,68.6,9,12.3,11.1,18,19,68.9,64.7,36.6,33.7,8.3,7.6,34.6,36.1,15.8,16.4,21,0
16.4,15.4,2.7,4.2,46.4,44.2,67.7,68.3,7,11.4,10.3,16.2,17.3,73.7,66.4,34.2,34.4,10.7,6.2,31.4,35.4,12.1,17.9,24,0
12.2,11.9,3.8,3.5,43.2,41.6,68.6,64.3,13,10.1,10.7,20.1,19.8,64.4,63.8,35.2,34.1,7.7,8.6,33.8,36.6,17.8,16.5,19,0
17.2,12.1,5.3,3.4,46.8,35.2,70.8,70.5,3,11.4,10.2,16.5,22.4,78.9,59.7,42.2,32.5,4.6,6.5,40,29.8,14.6,13.7,26,0
17.6,15.8,5.2,3,46.9,40.6,70.5,66.9,5,12.2,11.1,15.8,17.8,75,63.5,37.5,33.6,8.9,6.9,35.5,32.6,14,15.7,24,0
14.1,13.1,4.1,2.6,41.4,36.2,65.3,66.8,5,12.9,10.1,13.7,16,68.5,54.8,38.5,34.2,9.5,4.2,34.5,32.5,9.6,14.1,26,0
14.5,12.2,5.6,3.1,45,40.5,68.2,66.8,6,13.1,11.8,18.7,20,79.7,67.8,39.7,36.9,8.8,7.5,36.1,31.9,15.8,17.9,24,0
14.7,11.7,4.9,2.8,47,38.6,64.6,68.5,8,11.3,11.2,18,21.1,74.5,63.7,39.1,35.1,7.6,8,37.8,31.7,15.6,15.9,23,0
17.2,11.3,4.7,2.7,47.2,39.3,70.5,66.4,4,11.4,11.3,19.7,19.5,80.4,62.9,37.8,36.4,11.7,7.8,34.6,32.8,15.4,20.4,29,0
16.5,14.2,4.4,2.8,48,42.6,58.7,68.3,11,12.2,10.8,18.9,17.5,75.5,70.3,37.8,34.1,8.5,6.9,37.1,33.2,16.6,16.2,19,0
12.1,10.3,2.2,3.2,41.5,38.6,62.9,66.8,12,9.3,9.8,18.4,17.7,60.1,57.5,35,34.8,7.1,5.6,37.2,28.7,13.4,14.5,18,0
20.1,15.4,4.5,3.3,45.5,42.9,68.1,66.4,7,13,10.9,20,20.7,82.2,75,41.7,37.8,8.5,7.4,31.6,32.1,15.8,17.5,23,0
15.5,11.8,2.8,2.3,48.2,42.8,71.9,66.3,8,8.8,7.8,18.3,18.8,70.4,61.8,33.8,28.9,6.2,7,38.7,36.3,14.4,13.4,22,0
14.3,12,3.7,2.2,46.6,40.3,62.8,68.1,5,10.9,9.6,17.1,17.9,70.5,61.2,36.6,33.2,7,6.6,36.2,35.3,13.2,15.2,28,0
14.2,12,3.8,1.8,44.5,41.2,65.1,69,12,11.3,8.6,17.3,17.6,66.5,62.7,36.4,31,7.4,8.6,36.8,34.9,16.8,14.5,19,0
13.2,11.6,3.3,3.6,42.2,39.6,66.7,69.3,8,11.5,9.3,19.4,19.2,72.3,64.4,39.2,35.8,7.2,6.6,35.7,30.1,15.5,16,21,0
13.3,10,2.8,2.6,42.7,39.7,68.1,69.3,13,7,7.6,18.3,17.4,59.9,55.8,31.1,32.7,6.6,5.2,34.4,34.3,11.2,14.2,18,0
13.4,10.2,2.8,3,43.8,38.3,65.4,68.3,8,10,12.3,16.5,18.6,68.2,63.7,38.2,37.3,8.2,8.4,32.8,29.8,16.9,15.3,22,0
16.3,13.1,4.4,2.9,47.6,39.7,74.8,67.6,7,12.3,10.6,17.5,22.6,81.3,66.3,39.8,32.9,7.9,6.4,35.5,30.5,15,15.8,23,0
15.3,12,4,3.4,44.3,40.4,69,66.5,10,11.4,14.5,21.2,19.3,79.9,68.8,36.5,42.6,11.7,6.2,36.8,30.5,14.5,21.6,20,0
14.3,11.8,3,4.1,45.4,43.8,70.9,63.3,4,13.5,11.8,20.4,20.8,79.6,66.5,36.8,35.3,10.2,6.3,35.3,33.5,13.2,19.1,26,0
12.2,11.7,2.8,3,46,43.8,71.6,70.3,7,8.1,9.8,15.8,19.3,69.6,60.8,29.6,32.3,6.9,4.6,40.7,35,11.8,16,23,0
12.5,10.6,3.2,3,45.9,41.4,78,70.3,8,7.7,8.8,20.9,21.5,70.4,62.7,31.8,31.5,6.2,5.8,38.1,32.3,13.7,15,23,0
16.5,15.5,2.1,3.5,47.9,43.6,68.6,71.3,10,8.1,8.3,18.4,20.2,74.3,68.6,32.2,33.1,7.3,5.7,35,37.8,13.7,16.1,20,0
12.9,11.7,3.5,3.9,44.4,43,69.7,63.9,9,11.9,11,19,19.3,73.9,65.5,34.7,35.5,5.5,4.3,35.6,34.1,10.8,15.5,23,0
15.3,11.3,3.6,2.5,44.2,42.8,70.2,70.5,7,10,8,20.2,20.6,72.7,63.3,33.9,32.8,9,6.1,35.9,34.1,13.3,17.8,24,0
18.6,16.2,2.3,2.4,48.8,44.9,70.8,71,9,9.2,11.1,22.4,22.1,82.7,75.6,35.5,35.9,8.5,7,39.4,32.9,14.9,17.5,22,0
18,13.3,5.1,3.1,48.1,41.6,69.6,69.5,4,12.4,12.7,16.9,21.6,90.7,70.5,38.5,37.5,10.5,7.3,38.5,34.4,13.6,19.1,29,1
16.3,15.5,3.7,4.5,47.2,45.3,77.7,69.7,9,10,11.5,18.5,19,82.4,77.4,36.6,36.8,6.5,7.3,39,33.7,14,14.6,21,0
17.4,13.5,3.6,2.8,48.1,42,72.9,63.6,6,8.5,9.5,19,20.6,80.9,67.1,37,34.6,8.7,6.6,38.3,30.1,14.5,16.4,23,0
18,13.2,6.4,2.1,47,41.6,68.1,66.8,6,10.5,12.3,19,20.4,81.5,71,37.5,39.1,10,7.2,33.6,32,16.6,19.6,25,0
13.7,11.6,4.3,3.3,45.7,43.5,65.9,71.1,11,10.6,9.7,18.2,18.7,70.9,65.4,33.9,33.7,8.3,6.4,32.3,35.8,14.2,17.3,18,0
16.6,14.4,6,4.6,43.7,38.8,66.1,68.2,7,16.2,11.4,21,19.9,78,67.5,44.9,35.6,9.8,8.8,33.2,34.3,16.7,17.7,23,0
15,12.8,4.8,4.1,46.4,43.4,67.2,68.3,14,10.7,9.6,18.1,18.6,72.8,72.8,38.5,33.7,6.3,8.6,34.5,34.8,15.6,13.2,16,0
13.2,13.4,3.8,2.8,44.9,45.6,70.2,66.4,4,11.4,10.5,18.1,19.8,79.4,68.7,34.5,34.7,10.3,5.9,35.4,31.4,12.8,18.1,28,0
16.3,14.7,4.5,3.6,42.6,40.7,69,68.5,12,9.7,11.6,21.5,20.1,75.6,72.9,37.7,39.9,7.8,6.7,37.1,31.7,15.7,16.1,17,0
16.2,12.7,4,2.3,51,39.5,68.8,72.9,6,9.7,10.2,18.7,22.9,82.4,68.8,38.5,33.3,5.8,6.3,40.4,34.6,14.4,13.3,24,0
13.9,12.8,5.8,2.4,46,41.5,68.4,63.4,6,12,12.6,18.5,21.5,77.1,70.2,40.2,37.7,6.8,6.9,34.7,34.3,15.2,15,24,0
17.8,13.4,2.5,2.9,46.8,45.6,72.7,71,14,9.6,10,19.4,20.2,72.4,72.2,32.3,32.6,6,7.5,34.5,36.7,16.5,15.1,17,0
13.2,12.9,4,2.4,47.1,40.2,64.7,65.2,4,10.7,8.8,17.7,23.1,72.6,62.6,37.6,32.1,7.7,7.4,33.1,30.1,16.6,17.3,26,0
12.8,12.4,5.2,3.8,44.5,38.2,65.7,69.9,7,11.6,9.1,19.4,25.6,67.8,62.3,38.6,30.6,6.2,7.9,35,35.1,16.9,14.2,22,0
15.8,11.5,4.2,3.4,45.7,38.6,70.4,69,7,12.1,9.7,22,21.9,78.1,66.3,39.7,33.1,7.7,6.2,36.9,32.6,15.1,15.9,24,0
15.2,11.3,5.2,3.2,45,39.5,63.4,71.2,12,10,9.2,18.9,20.6,70.4,63.9,37.2,35.3,6.6,7.5,35.6,33,14.4,14.9,21,0
15.3,13.2,2.9,2.9,46,46.2,70.5,72.2,11,8.8,9.1,16.8,19.9,72.9,67.8,31.2,34.5,6.9,5.1,35.8,36.2,11.8,14.9,21,0
14.6,13.1,5.5,2.9,48.1,41.7,68.9,67.1,10,9.7,10.7,21.7,21.4,77.2,72,37.5,35.5,7.8,8,38.3,32.8,16.9,16.5,22,0
13.5,14.2,2.4,4.1,43,43.5,70.5,69,11,12.1,8.8,22.3,24.2,74.1,70.5,38.6,31.9,5.5,6.4,36.6,33.9,14.9,13.9,22,0
13.8,10.5,3.3,4.5,47.4,41.7,72.8,69.1,5,11.1,8.4,20.5,22.4,79.1,68.2,39.6,30.8,6.1,6.5,41.7,33.8,15,14.3,25,0
19.3,13.2,5.1,2.7,50.2,37.8,65.9,68,6,12.2,11.9,19.6,21.2,82,69.3,42.6,35,6.6,8.5,39.4,33.4,16.1,15,24,0
15.7,12.8,4.5,2.5,47.9,40.8,65.5,68.3,9,12.2,12.4,18.6,19.1,79.5,71.3,38.6,35.7,6.4,6.7,34.7,35.5,15,15.5,22,0
19.2,12.3,5.9,4,48.4,40.4,69.6,70.8,10,13.5,12.2,19.8,20.4,85.2,72.4,41.1,36,8.9,7.3,38,34.3,14.5,16.6,21,0
17.4,12.8,4.1,2.7,49,39.5,71.4,70.2,4,13.8,8.5,18.4,18.4,76.8,61.8,42.3,27.2,6.2,5.7,31.6,33,13.4,12.8,24,0
12.7,13.7,3.9,3.1,42,43.2,70.1,68.2,12,12.9,12.3,20.5,20.3,75.5,72.8,38.2,38.9,7.8,6.7,38,32.1,15,15.4,19,0
14.1,14.5,3.4,3.3,45.4,40.9,68.9,67.6,9,8.5,10.5,16.7,20.7,70.3,65.3,34,36,9,7,35.3,35.2,15.1,18.3,21,0
17.5,13.9,5.5,3.2,47.9,39.1,67,65.7,6,11.3,12.4,17.5,20.2,79.1,70.9,41.2,37,7.4,9,36.4,32.4,15.7,13.5,25,0
12.2,13.5,4.2,3.3,41.5,43.6,66.8,68.4,12,11.1,11.7,23.7,22.6,71.6,74.9,36.3,39.5,9.4,7.5,32.5,37.6,16.8,18.2,18,0
17.6,14.4,5.9,3.3,46.2,39.3,68.9,66.2,9,10.9,13,16.7,20.7,77.9,69.3,40.4,38.2,6.6,6.9,38.4,31.4,14.5,13.5,19,0
15.3,12.4,5.2,3.7,47.1,40.3,70.1,68.5,10,10.2,9.6,19.5,20.9,71.2,63.6,35.2,30.8,5.2,6.1,38.1,36.6,15.9,15.2,20,0
13.4,11.4,2.8,2.8,44.6,43.1,74,65,6,11.2,9.3,21.4,19,74.4,64.3,35.9,33.2,8.5,5.7,38.1,33.9,12.7,17.1,26,0
13.6,11.9,3.8,3.1,46.4,40.2,63.3,66.9,8,10.6,10.5,18.9,20.6,71,64.5,38,34.6,8,7.2,32.7,33.7,16.8,16.9,19,0
14.3,10.2,3.3,3.8,44.2,42,65.6,66.8,7,10.5,9.9,20.5,21,71.3,64.6,35.1,35.2,8.1,6.4,34.2,29.6,14.3,17,25,0
14.6,15.4,3.5,4,42.6,46.7,76.4,66.8,11,9.1,11.8,19.8,20.7,76.8,74.9,32.4,40.1,8.4,6.3,36.7,32.7,12.3,15.8,19,0
14.2,11.9,2.3,2.3,44.9,42.7,72.7,70.9,10,5.1,8.7,16.9,15.5,57.9,58.1,25.6,29.9,6.7,6.4,35.2,34.9,12.5,12.8,16,0
16.3,11.8,5.5,3.2,44.6,40,71.9,67.3,9,11.4,11.7,20.7,20.5,76.1,66.1,36.4,36.4,9.2,8.1,40,29.8,15.1,17.7,21,0
14.9,14.5,2.6,2.4,48.6,42.4,71.7,68.5,5,9.6,10.5,20.2,19.2,72.2,65.2,32,31,10.3,6.4,40,33.3,15.3,17.7,25,0
17.7,13.7,3.8,3.2,48.2,41.4,69.4,69.9,6,9.8,10.9,19.8,20.3,79.5,71.3,37.8,34.4,6.2,7.5,35.6,31.2,14.7,13.8,25,0
16.6,12.1,3.1,2.7,51.1,42.7,74.3,66.1,2,9.3,8.4,17.1,22.7,83.2,65.5,36.6,29.4,5.5,5.8,42.9,32.9,12.9,14.4,28,0
16,15.1,6,3.1,43.6,40.9,71.5,65.5,8,11.1,12.6,20,18.9,72.8,67.5,35.7,38.4,9.6,6.1,33.5,32.2,12.9,16.9,24,0
11.2,15.7,3.8,3.1,42.7,40.1,70,68.8,12,12.1,11.1,15.7,16.4,70.4,63.9,35.6,35.6,7.3,3.3,34.5,35.1,8.2,12.5,21,0
16,13.9,5.8,3.5,45.9,41.5,68,67.7,10,11.2,12.3,21.6,21.8,80.8,75.6,39.4,39.2,7,7.8,36.9,33.9,15.9,15.5,22,0
12.2,10.6,5.3,2.8,41.2,38.9,65,65,8,12.7,11.9,22.7,21.6,70.5,65,39.8,39.1,7.9,7.5,34.3,29.5,14.7,15.9,25,0
14.5,14.6,4,2.8,46.3,43.7,66.3,68.8,8,12.1,10.5,20.9,21.7,79.5,74.4,38,35.5,7.8,6.4,35.5,31.4,16.3,17.3,21,0
13.3,12,3.8,3.8,44.1,42.8,76.8,68.9,11,8.9,11.3,20.8,19.9,73.5,71.3,34.1,37.2,8.8,7.5,37.9,38,15.2,16.7,19,0
14.8,13.4,4.4,2.1,45.9,42.8,70.3,68.8,9,11,9.9,18,21.1,77.1,71.2,36.8,34.4,7.6,6.9,34.8,35.8,15,15.4,21,0
15,10.4,4,2.3,48.3,39.6,67.4,67.4,5,10.1,9.1,17,19.3,70.5,57.5,34.6,30.9,6.6,6.1,38.8,30.7,14.3,15.6,27,0
14.5,14.7,3.3,4.2,45.5,46.5,73.6,68.2,8,13.3,9.3,20.4,22.3,85,74.8,39,33.3,7.6,5.4,36.9,34.7,13.8,17.1,20,0
14.6,11.4,5.2,2.4,45.4,40.7,69.1,65.9,6,13.1,8,18.9,19.6,74.3,60.9,41.6,30.5,8,5.8,35.2,31.4,14.5,16,24,0
15.5,12,4.5,3.6,46.2,40.9,72.7,67.2,10,10,10.5,19,18.3,76.5,66.5,36.8,35.8,7.3,5.8,35.8,31.2,12.4,15.3,19,0
11.3,11.5,2.5,4.1,41.1,42.3,68.9,67.8,12,10.9,8.2,19.4,18.9,65.7,61.8,35.2,32.5,7.2,6.4,35,32.5,14.2,15.1,18,0
12.3,9.9,2.3,3.1,42.6,41.1,70.2,70.8,10,6.9,6.7,17.9,19.2,59.4,56.6,29.9,29.6,5.9,4.8,36.6,32.6,11.6,12.6,18,0
13.7,13.3,4,4,42.7,40.6,70.3,63.4,7,11.8,11,19,22.6,73.4,65.9,38.8,35.6,7.2,6.2,30.3,29.7,14.2,15.3,21,0
13.1,11.1,3.1,2.8,43.9,40.8,73.6,68.2,7,12.7,11.7,18.7,21.7,75.9,66.7,39.1,34.9,7.3,6.1,30.9,31.8,14.7,15.3,26,0
15.7,15.7,4.3,3.1,45.8,43.8,64.5,70.9,9,13.3,10.9,18.8,20.6,79.4,76.8,40.4,35.7,8.3,8.1,37,33.7,17.3,16.7,21,0
15.6,16.1,3.1,3.4,46.6,43.7,73.1,70.2,9,10.8,12.1,17.9,22.6,82.1,77.6,38,37.1,6.3,6.1,37.6,34.7,14.1,13.6,22,0
13.4,12.8,3.3,3.8,41.9,42.5,69.6,65.8,11,12.1,12.4,20.5,20.8,73.6,70.5,37.4,37.9,8.1,7.4,33.7,33,14,16.1,20,0
12.5,11.8,2.6,3.9,42.3,39,68.8,68.2,9,10.8,10.7,18.8,18,67.1,64,37.5,34.8,6,6.8,35.8,33.1,12.9,13,22,0
13.1,12.6,3.2,3.2,45.3,41.4,73.6,62.1,4,11.6,9.7,15.9,19.3,71.5,63.2,39.5,32.4,6.8,7.2,35,31,14.9,14.7,27,0
15.5,13.6,4.1,2.8,45.2,41.8,67.8,66.6,8,10,10.7,19.2,19.2,72.1,66.6,33.8,35.6,7.9,5.1,31.4,34.4,13.2,17.2,22,0
14,13,2.4,2.5,44,41.6,70.9,69.1,11,11.2,10.3,17.9,18.4,73.5,68.6,37.7,34.4,6.9,5.8,36.5,34.4,13.6,13.4,18,0
13.5,9.9,4.3,2.7,46.7,37.4,70.9,68.3,3,12,10.1,17.8,21.1,78.2,60.4,39.5,33.8,4.8,4.6,36.2,29.7,12,14.8,30,0
14.5,13.6,6.9,4.1,48.3,38,69.6,71.2,6,11.7,12.7,18,18.9,77.8,69.2,40.1,35.8,7.5,6.5,39.5,32.3,15.8,14.6,24,0
15.2,12.8,3.9,2.3,46.4,43.5,73,73.3,8,10.7,8.7,18.7,18.8,75.7,68.7,35.9,31.9,8.2,7.2,37.2,38.8,14.2,15.9,22,0
15.6,10.8,3.6,2.5,43.6,38,68.2,73.3,9,10.6,10.7,18.2,18.9,70.7,66,38.4,36.5,6.7,7.7,35.3,32.5,15.6,14.2,21,0
17.9,12.6,3.2,2.9,49.5,42.1,69,68.9,3,10.9,11.5,18.7,21.2,88.9,69.2,37.1,36.2,10,7.1,36.3,30.3,14.2,19.7,29,0
15.6,14.4,3.5,4.6,42.7,43.9,66.6,68.9,11,14.1,11.5,19.6,18.5,74.3,72.1,39.4,37.9,9.5,7.9,33.8,34.2,15.3,18.5,19,0
16.7,14,4.5,2.9,46.9,40.7,69.7,68.4,8,12.4,10.2,18.5,19.4,80.5,66.6,38.9,34.4,9.9,7.3,35.3,33.3,14.9,18.1,22,0
15.5,14.9,3.5,3.8,44.7,42.9,73.7,66.3,9,12.1,11.1,16.9,19.1,76.4,71,38.4,36.3,8.8,7.4,32.1,30.9,14.2,14.8,21,0
15.8,11.8,3.5,3,47,38.5,73.2,68.6,3,11.8,9.5,16.9,21.2,81.1,66.5,41.6,32.5,5.7,5.7,39.1,33.2,13.9,13.3,29,0
14.3,13.3,3.4,2.6,47.9,43.1,67.3,67.3,6,12,11.4,18.2,20.8,79.9,70.8,37.6,34.7,8.1,6.8,35.3,30.1,14.6,15.2,26,0
16.5,10.9,3.5,2.8,45,40.8,68.4,65.9,5,8.6,11.2,18.3,19.7,71.7,63.1,33.3,34.7,7,5.2,38,33,12.3,14.9,27,0
13.3,13.4,3.1,3.7,40.6,42,69.2,65.6,14,11.3,7.4,18.3,20.4,63.1,59.6,35.7,29.9,7.8,6.8,33.8,38.4,14.2,15,18,0
13.2,13.5,1.4,4,43.6,44.9,65.9,69.7,13,10.6,10.3,20.8,21.7,73,71.1,34.3,36.5,5.6,5.9,40.6,33,12.6,14.6,20,0
16.9,12.8,4,2.9,47,41.6,74,66.3,8,9.8,9.9,19.7,21,77.4,67.7,36.1,32.3,7.4,5.6,36.7,34,14.6,15.3,24,0
14.7,11.1,5,3.7,46,40.8,69.6,66.2,11,9.6,10.1,17,18.9,70.5,62.6,35.1,33.4,6.9,7.1,41,35.9,13.6,14,20,0
20.7,14.4,5.5,4.4,50.6,40.2,71.9,68.6,3,13.9,11.9,18.1,19.6,90.9,74.7,44.2,35.5,9.5,8.6,41.7,36.1,16.3,16.8,29,0
13.4,11.3,2,2.3,46.9,41.8,72.8,69.3,5,11.8,8.9,19,18.7,75.9,64,36.7,31.7,6.3,4.8,36.5,32.6,10.9,13.6,27,0
14.7,12.8,4.8,3.1,44.8,41.2,67.6,67.4,9,13.7,10.9,18.2,18.3,76.9,68.2,40.1,34.4,7.8,7,31.6,33.7,14.3,16.6,20,0
13.9,12.7,3.4,3.2,47.2,40.1,69.4,65.7,6,11.6,10.1,18.1,19.5,73,60.8,35.8,30.9,8.2,6.2,37.9,32.1,13.7,16.7,26,0
19.8,13.6,6,3.5,48.2,39.9,72.6,68.1,4,11.6,12,17.8,20.5,85,70.9,41,37.3,8.4,7,37.4,31.7,13.7,15.3,26,1
12.9,11,5.1,3.1,44,40.7,65.3,62.2,8,11.1,9.9,19.2,18.8,70.1,63.6,37.4,34,9.1,7.6,36.7,32.8,16,16.1,21,0
16.2,12.5,5.9,3.8,43,40,77.1,67.5,7,10.4,11.8,18.4,18.9,74.8,67.4,36.7,38.5,8.8,7.4,34.5,30.9,14.4,17.2,24,0
14.1,12.5,3,3.4,46.2,39.5,77,72.2,11,10.4,9,18.7,17.7,69.4,63.8,37.5,29.6,5,7.2,39.3,29.8,14.8,11.3,19,0
16.2,11.4,3.6,2.7,48,41.2,65.3,68.8,7,11.5,10.3,17.6,19.8,73.8,66.7,38.6,32.5,8.4,7.9,34.8,30.1,16.7,16.4,26,0
15,14.5,4.3,3.1,45.8,44.7,68.9,66.9,11,13.3,10.4,19.1,19,79.9,72.5,39,34.4,7.3,7.2,39.1,36.4,14.2,14.3,21,0
14.6,14.8,3.8,3.1,45.5,43.7,67.3,68.1,14,8.7,10.9,20.8,20.5,71.5,73,33.8,35.7,5.4,6.5,35.7,37.3,15,13.9,16,0
14.5,14.7,4.9,2.9,45,44.6,72.3,69.6,12,14.4,9.7,19.2,16.6,78.6,73.4,40,34.3,8.1,7.6,32.2,33.5,14.3,15.8,19,0
16.1,12.9,2.1,3.3,45.2,44.2,75.5,73.7,10,9.1,8.8,18.8,19.7,75.4,67.8,32.9,33.1,7.8,6.8,36,31.4,13.2,16.2,22,0
19.1,14.2,4.9,3.6,45.9,39.7,70.9,66.6,10,11.5,11.6,16.4,18.3,78.8,68.4,40.8,37.6,7.8,7.2,37.9,33.3,13.2,13.9,21,0
15.1,12.7,2.3,3.4,48.4,43.7,67.5,70.1,7,9.5,8.7,18.8,21,73.8,64.9,32.7,29.6,6,5,37.6,32.1,13.3,15,23,0
14.4,12.2,3.7,3.6,44.3,40.6,76.7,68.6,4,13.4,9.6,19.9,18.6,78,64.6,39.9,34,9,5.8,35,29.9,11.9,16.2,27,0
14.3,11.9,3.4,3.8,44.8,40.7,62.6,68.2,8,13.3,11.3,18.1,19.6,71.7,64.1,39.9,33.6,7.8,6.8,32.7,30.7,15.1,15.7,23,0
13.8,11.7,1.9,3.7,45.7,43.2,73.6,68.1,10,9.4,8.4,19.7,20.6,71.9,64.5,33.3,30.9,7.2,7.3,37.9,31.6,15.3,15.7,20,0
16.6,12.3,3.3,2.5,48.7,42.9,76.9,68,8,9.8,11.1,18,19.7,85.5,72.5,36.4,34.2,7.4,6.8,42.2,33.8,13.7,15.3,23,0
17.5,12.6,3.4,2.6,47.9,41,73.2,71.9,6,7.3,9.1,17.7,19.1,73.2,63.7,32.3,33.7,6.5,6.9,39.9,33.6,13.1,14.3,25,0
14.4,14.1,5,2.5,45.5,41.2,71.4,72.1,8,11.4,11.8,20.7,19.2,81.3,74.8,37.8,39.4,7.2,5.5,36.7,36.7,14.4,17.4,22,0
16.9,12,4.5,3.5,47,39.5,60.6,69.5,5,11.7,9.2,17.4,19.7,72.3,60.9,38.5,32,6.7,5.3,32.3,28.8,14.1,14.7,27,0
15.2,10.8,4.8,2.8,46.1,40.3,61.9,69.9,7,12.1,10.4,20.7,21.3,75.5,67.4,38.8,35.7,7.3,6.6,36.5,35.9,13.7,15.3,26,0
14.3,13.6,3.7,3.4,47.6,42.9,66,67.5,11,10.7,10,20.9,20,74.4,70.9,36.9,33.6,6.8,8,35.9,33.2,15.3,15.1,21,0
12.9,13.2,4.1,3.9,41.7,39.4,74.4,69.6,18,9.5,10.3,21.2,20.4,69.9,68.9,38,37.6,5.6,7.3,34.6,33.6,15.2,14.8,16,0
11.5,13.3,3.8,4.2,40.1,42.2,67,72.1,11,13.8,10.5,20.2,20.1,70.3,68.8,37.6,37.6,10.1,7.2,28.7,33.1,15.1,18.5,20,0
16,13,4.3,2.7,45.1,42.1,70,69.4,9,13.2,9,19.4,22.8,80.7,72.7,41.8,33.3,5,7.1,34,35.1,13.6,12.2,19,0
15.2,13.8,3.9,3.8,45.3,43.8,68.7,65.4,11,13.6,10.7,19.4,20.4,78.1,73.2,39.9,35,6.2,6.6,36.8,36.6,15.5,14.4,20,0
18.4,15.2,4.2,3.6,46.6,42.3,68.2,68.1,8,11.7,13.3,15.8,20.1,79.1,71.6,38.3,39.9,7.6,6,37.6,35.5,12.4,17.3,23,0
17.2,13.3,4.5,3.6,47.7,43,75.3,68.1,6,9.5,10.2,16.6,18.7,80.2,69.5,35.7,34.4,7.9,6.8,40.6,34.7,12.8,15.2,26,0
14.5,14.4,2.8,2.5,47.2,42.5,69.2,71.6,11,10.5,10.8,16.9,18.6,75,72.7,36.4,33.7,5.5,5.7,39,33.3,15,13.6,19,0
14.6,11.6,2.8,2.2,44.9,39.2,75.6,69.3,10,8.6,9.3,18.1,18.7,66.6,60.9,35,31.4,5.5,5,40.3,31.4,13.9,12,20,0
13.8,11.6,3.2,3.2,43.5,40.9,68.9,67.2,9,10.1,11.3,18.2,18.6,67.9,61.6,34.2,35.4,8.4,5.9,37.3,32.1,12.2,15.5,22,0
15.9,14.1,4.1,3.3,44.1,42.2,69.2,68.4,9,13.7,9.8,19.9,19.4,77.9,69.8,39.6,36.4,8.9,5.2,34.5,33.7,12.3,17.1,22,0
14.6,11,2.7,2,46.9,44.5,67.3,70.9,8,7.3,8.5,18.8,19.3,67.3,61.3,30.7,30.8,6,5.8,40.5,32,13.4,13.6,21,0
17.3,15.8,4.1,2.2,44.9,41.8,66.7,65.7,7,12.2,11.2,17.2,18.6,77.7,66.1,38.5,36.6,10.1,6.6,35.2,35.4,13.2,17.2,25,0
15.5,10.5,3.3,2.6,46.5,41.6,69.9,66.2,3,11.6,8.9,19.2,19.5,77.8,64.7,38.4,32,7.1,6.1,38,32.8,14.3,15.9,28,0
16.3,14.7,4.1,2.8,47.8,44.2,73.8,68.8,12,11.6,11.7,19.3,19.7,82,77.1,38.6,35.7,6.4,7.6,36.6,34.4,14.6,14.2,20,0
11.7,11.2,4.1,3.5,41.8,41,65.5,68.6,11,11.3,9.1,19.4,18.7,67.5,65.1,38.2,35.2,7.6,6.8,30.8,31.3,14.8,14.7,19,0
12.7,12.4,1.9,3.1,43.6,45.6,71.9,68.5,12,8.5,8.3,16.8,19.8,67,65.7,32.1,32.3,5.9,6.5,35.6,34.8,12.8,13.6,18,0
13.5,12.9,4.4,3.6,45.6,40.9,69.8,71.1,8,11.5,8.9,19.8,22,75,68.7,39.8,32.3,6.8,7.6,30,36.1,14.5,13.4,21,0
12.5,12.2,4.5,3.2,44.9,40,72.1,66.9,5,10.5,10.8,15.8,19.9,72.4,62.6,37.1,33.3,6.6,6,35.6,30.7,13.6,13.4,25,0
12.1,11.8,3.9,3.1,42,41.8,71.3,71.5,11,11.9,9.2,18.1,19.2,69,65.1,37.5,33.7,6.4,5.3,32.2,33.4,12.9,13.6,17,0
17.8,15.5,4.3,2.6,46.1,40.7,70.9,64.3,3,13.6,11.5,17.5,21.7,85.2,70.7,42.8,36.4,8.6,6.3,35.3,32.1,14.4,16.4,25,0
15.8,13.9,4.3,3.9,48.2,44.7,67.3,69.3,11,11.3,9.8,19.5,22.5,77,70.5,36.3,32.2,5.4,5.8,32.4,33.8,13.6,15.2,19,0
13.3,12.5,5.1,3,46.5,41.7,66,67.8,11,10.9,10.9,16.5,19.3,70.8,65.7,35.4,33.3,7.9,7.9,34.4,32.8,15.9,15.7,20,0
13.7,13.2,4.6,3.1,46,42.9,69,69.6,7,9.3,10.1,18.3,20,71.1,67.8,34.9,33.7,7.3,6.8,34.7,36.2,15.2,14,23,0
12.5,10,1.8,2.7,47.3,44.6,71.4,66,5,7.3,9.1,16,16.9,67.2,60.4,28.4,30.7,6.3,5,38.7,35.3,10.6,12.2,25,0
13.4,10.7,2.6,2.4,46.3,40.6,73.9,70,8,9.1,8.8,21.4,21.3,71.8,63.5,35.4,31,6.9,5.4,40.3,32.3,13.4,14.3,23,0
15.8,12.3,3.8,2.7,50.4,46,76.2,70.8,6,9.6,10.3,20.6,21.4,79.8,73.3,34.3,31.3,7.4,8.4,39,37.1,17.9,16.3,24,0
15.7,16,2.8,2.7,46.6,43.4,68.1,68.2,8,9.8,9.3,17.2,19,74.2,70,35.4,34.6,6.6,5.8,37.4,33.8,13.8,14.7,21,0
12.3,11.9,4.3,3,41.2,40.1,69,66.9,11,10.8,9.3,19.1,19.8,67.4,61.9,35.5,35.3,5.2,4.1,34.4,34.8,10.5,13.5,17,0
13.3,13.4,6.7,3.3,44.4,40.2,66.9,68.4,11,12.8,11.3,17.8,19.7,75.2,70.3,42.4,36.8,6.1,6,32.7,34.5,13.9,12.2,20,0
15.6,12.9,4.5,3.2,50.5,43.5,69.7,69.5,13,10,10.4,20.7,21.7,74.2,71.6,35.6,31.2,5.4,9.1,36.1,33.7,16.6,12.4,19,0
15.2,13.5,7.5,4.2,46.9,37.9,67.7,73.1,9,13.4,12.5,18.2,19.4,79.5,71.2,42.9,37.4,5.8,7.5,38.6,31.4,15.1,12.8,21,0
16.8,12.4,4.5,2.5,49.8,43.5,69.3,70.1,4,9.9,9.4,17.4,19.4,79.1,64.8,34.1,32.4,8.3,6.5,39,34.2,13.1,16.8,29,0
15.1,12,3,2.8,45.1,42.8,71.4,71.7,5,12.2,11.1,17.6,19.5,72.7,66.9,36.4,31.5,5.3,5.8,35.9,37.3,12.9,11.7,24,0
13.4,12.1,5.4,4.1,45.3,43.3,71.2,70,6,11.9,10.8,21.1,22.6,81.1,69.6,36.7,35.2,8.6,6.2,36.3,33.8,13.7,17.7,24,0
14.5,16.4,5,4.4,46.5,43.2,73.1,72.1,10,12.2,11.7,19,20.5,82,75.2,38.6,36.1,11.4,7.9,35.2,34.8,17.9,19.7,20,0
16.4,14.4,4,3.3,47.6,42.3,70.3,65.2,7,9.2,10.3,17,17.4,75.3,64.5,35,33.9,7.5,6.3,39,32.9,13.2,14.6,24,0
15.8,13.9,3.5,2.3,47.3,41.8,72.4,69.2,8,10.7,9.4,18.7,20.9,77.5,69.1,37.7,31.9,6.6,6.9,37.6,36.9,14.2,14.2,23,0
15.8,12.1,4.5,2.7,46.2,40.6,70.8,66.3,4,10.6,7.2,18.6,20.1,70.3,58.7,36.5,28.5,7.9,6.5,36.2,33.2,13.3,15.1,26,0
18,11,3.1,2.6,47.9,37.8,72.5,70.8,6,8.6,9.5,18.7,18,74.6,61.6,35.4,32.6,7.1,5.7,36.6,30.9,13,14.3,24,0
13.8,12.2,5.1,3.6,42.6,41.6,71.8,71.7,12,9.6,9.8,18,20,69.9,67.1,36.4,36.1,4.3,6.3,34.9,29.4,11.3,10.3,20,0
13.4,16.2,1.8,3.9,44.9,47.9,70,67.5,13,10.2,9.1,19.3,20.1,71.3,70.8,32.9,32.4,8.5,6.8,34.3,36.2,15.8,16.8,20,0
17.1,12,5.1,4.3,49.4,40.2,65.6,69.8,7,13.1,10.1,16.7,19.9,82.7,66.9,42.1,34,9.8,6.9,33.5,36.3,14.6,16.6,25,0
15.9,10.9,4.9,3.4,48.8,41.5,70.4,68.6,3,11.8,9.4,17.4,18.5,77.3,64.1,36.8,30.9,7.8,6.3,35.6,33.3,13.9,16,29,0
16.5,12.2,4.6,2.4,46.3,40.7,69.6,69,6,11.8,11.1,22.6,22.1,81.6,68.7,38.2,36.1,7.4,5.8,36.2,31,13.2,17,24,0
16.1,11.2,4.1,2.4,48.2,41.1,64.6,67.6,10,9.8,9.9,16.3,18.4,72.7,63.4,35.5,33.1,8,7.4,37.7,35.4,13.9,15.5,21,0
13.9,11.8,3.8,4.5,44.7,42.1,78.8,72.6,6,9.7,10.3,21.7,20.6,75.8,68,34.6,35.8,9.2,7,34.6,32,13.9,17.3,23,0
16.2,13.6,3.5,2.6,48.2,41.6,77.1,69.2,5,11.3,11.5,18.9,20.3,78.5,69.5,36.8,32.4,6,6.5,39.8,33.2,12.9,11.9,23,0
18.2,12.9,6.4,4.4,46.4,37.8,71.4,70,9,11.7,11.8,19,19.1,79.7,66.7,40.1,37.4,10.4,7,39,32.2,13.8,17.4,19,0
16.4,13.5,5.1,3.2,43.5,40.6,65.4,64.8,6,12.8,10.8,18.7,19.9,74.4,66.4,40.1,36,7.2,7.3,34.4,32.4,13.6,14.7,23,0
13.5,10.8,3.5,3.4,45,40.3,73.5,71.7,12,9.2,7.7,20.1,20.1,67.6,61.2,35,29.4,6.2,6.4,37.5,33.2,13.9,13.7,19,0
14.4,9.8,3.7,2.9,46.9,40.1,67.4,67.2,9,11.2,9,15.8,17.1,69.4,59.7,37.3,31.1,8.6,7.6,34.1,32.7,15.3,15.5,21,0
13.7,13.3,4.4,2.9,44.4,40.8,66.7,67.6,10,12.2,11.4,17,18.2,72.4,67.7,39.7,36.4,5.6,6.8,36.1,33.3,13.6,13.1,21,0
14.7,12.7,3.2,2.8,45.6,44,77,72.4,12,8.7,9.3,18.7,19.2,72.5,68.3,31.9,32.2,7.7,7.5,35.6,33.8,14,14.3,18,0
16.4,15.2,5.6,4.4,44.7,41.2,76.1,68.7,9,9.9,11.6,16.2,19.3,79.2,71.3,38.5,38.7,7.3,6.8,38.5,36.7,13.1,12.7,22,0
14.2,10.4,3.6,2.6,44.6,41.2,69.2,66.8,6,11.2,8.4,18.2,17.7,70.4,60,36.9,32.4,7,5.5,39.2,32.1,12.1,13.7,24,0
12.6,11.6,5.2,3.6,44.8,39.4,65,66.1,9,11,11.5,20.2,19.2,69.5,62.6,37,35.8,8.8,6.7,36.6,34.1,14.7,16.6,21,0
17.3,11.6,2.8,3.5,45.8,42.2,77.4,70.5,9,9.9,11.8,20.9,19.5,81.5,73.5,36.2,36.9,8,6.5,38.6,34.9,15.2,16.6,23,0
14.9,12.1,2.1,2.2,46.6,40.7,71.2,67.3,5,8,7.8,17.9,18.9,69.9,60,33.1,30.9,7.1,6.9,41.1,34.2,13,14.1,22,0
17.8,11.3,4.1,3.2,50.6,39,64,68.9,4,9.8,8.1,17.9,19.9,74.9,59.2,36.3,29.6,8.2,6.1,36.4,30.7,14.4,15.8,26,0
12,12.6,2.8,3.7,43.7,41.1,75.2,72.5,10,9.2,9.4,19.9,21.5,71.9,65.3,33.9,34.4,7.2,5.4,33.7,31.8,13.7,15.9,18,0
10.2,12.2,2.9,3.1,45.4,41.6,69.9,65.3,10,11.3,12.4,20.7,21.4,72.2,71.3,37,35.6,8,9.7,33.3,34.4,19.3,17,20,0
13.8,12.3,3.1,2.4,47.1,44.8,70,69.3,6,9.6,9.4,19.3,19.3,74.4,68.2,33.4,34.5,7.9,5.1,38.7,40.6,12.5,16,24,0
16.2,15.1,5.7,2.4,45.7,39.1,70.1,67.4,6,10.4,11.4,19.5,19,73,65.1,37.2,35.2,8.6,6.9,35.3,32.2,15.6,15.9,23,0
16.5,13.6,3.4,3.5,47,42.8,66.5,68.5,11,10.1,9.7,20.1,23.3,75.5,71.4,38.2,33.3,5.4,7.7,37.9,35.4,17.6,15.1,18,0
13.9,11.4,5.5,2.7,44.3,37.2,68.6,65.3,6,9.7,11.5,18.8,19.3,70.4,59.5,35.3,35.5,7.2,6.1,36.3,33.2,12.6,14.9,23,0
14.6,11.4,3.5,2.2,44.2,40.7,67.8,72.2,8,12.4,10.1,18.8,19.8,72.5,67.6,38.8,33.8,5.4,6.5,35.6,30.6,14.2,12.7,23,0
14.9,15.9,7.1,3.2,47.5,39,69.4,65.2,5,12.5,13.3,16.9,19.5,79.6,69.6,40.8,38.4,8.4,6.9,34.4,30.4,14,14.7,24,1
14.5,11.1,3.7,3.2,44.6,41.5,72.1,66.5,6,14.4,11.1,20.5,20.7,79.3,69.7,42,35.1,6.2,6.9,35.6,34.9,12.8,13.8,22,0
14.2,13.8,2.2,2.5,44.8,43.1,61.3,64.1,12,11.9,10.4,18.6,21.5,73.4,71.9,37.9,34.5,6.3,7.9,33.4,33.7,15.3,13.9,18,0
15.6,15.1,5.3,3.9,43.4,41.5,68.7,67.8,5,13.6,12.2,16.8,18,80.3,71.4,40.3,38.9,9.5,6.2,34,33.3,13.3,17.2,26,0
14.8,11.6,4.8,2.7,46.6,40,73,68.1,9,10,11.5,17.1,18.5,73.4,65.3,37.1,35.2,7.3,6.8,36.8,30.8,14.1,13.8,22,0
13.4,15.7,3.1,3.9,43.4,45.2,76.1,67.3,16,10.7,12.4,19.3,18.8,72.5,78.6,35.8,37.1,7.2,8.8,36.2,36.2,15.9,13,14,0
14.7,11.2,1.9,2.7,45.9,40.4,69.2,66.4,6,8.8,10.2,18.4,17.5,71.4,60.1,33,35.1,9.1,5.5,37.2,31.2,11.3,16.5,24,0
13.2,10.3,3.8,2.3,45.4,41.5,71.3,69.7,7,8.8,7.9,20.1,19.6,67.2,60.9,33.4,30.8,5.1,6,38.3,31.8,12.7,12.4,24,0
14.2,11.3,2.1,2,46.4,43.5,72,69.4,8,11.1,7.7,16.1,17.6,66.4,60.4,34.6,27.9,5,4.9,34.2,34.6,12,12.5,24,0
14.6,13.7,3.2,3.7,44.8,40.9,66.2,68.3,11,11.6,8.7,15.6,17.6,69,63.8,39.7,31.9,7.1,7.3,34.3,32.9,14.3,13.1,21,0
14.3,11.8,3.6,2.6,46.2,43.1,66,69.4,8,11.3,10.1,18.4,19.2,73.6,66.5,36.2,33,7.1,6.1,36.5,30,14.9,15.5,24,0
16.1,14.2,2.9,2.7,47.3,46.2,73.2,71.8,10,10.7,9.5,17.6,18.8,75.5,72,34.1,32.3,7.5,7.7,38.7,37.8,15,15.1,21,0
14.2,12,4.6,3.4,45.3,39.7,75.2,69.3,5,13.4,11.2,18.6,21.8,77.8,67.8,41.7,32.1,6.5,7.6,34.1,33.5,15,13.5,24,0
14,12.7,0.8,2.9,46.8,45.7,73,69.1,5,9.9,9.2,18.8,21.9,74.5,67.6,33.7,31.8,6.6,5.5,32.8,34.9,12.5,15.2,26,0
16.9,12.8,3.6,3.5,47.1,43.7,69,70.4,7,9.9,9.8,20.2,21,77.1,69.9,34.6,34.4,8.8,7.8,35.9,35.8,14.7,17.3,24,0
13.2,11.1,2.8,2.6,46.3,43.2,73.2,72,7,9.1,7.8,14.9,18.8,70.3,59.3,32.8,30.8,6.9,4.7,35.7,33.4,10.4,13.6,22,0
16.3,12.5,3,3,44.8,41,74.5,66.5,5,12.6,10.8,15.6,20.2,77.6,66.1,39.4,33.8,5.3,6.4,36.1,32,12.8,13.4,25,0
13.3,8.4,2.4,1.7,48.1,44.7,71.2,71.9,6,5.4,8.2,16.6,18,59.9,50.9,21.5,28.1,7.8,4.7,37.9,28.8,10.2,16.1,22,0
11.9,11.7,3.4,3.4,45.1,41.7,70.9,69.8,12,9.5,10.2,17.9,20.2,72.1,68,34.8,34.2,6.5,4.8,37.8,35.9,12.5,13.2,17,0
10,11.9,3,3.1,41.5,41.7,65,63.2,14,10.1,9.9,18.8,19.7,60.5,62.3,33.9,31.9,7.2,8.3,34.9,36.6,17,14.9,16,0
18.7,17.3,4.5,2.1,48.6,44.1,78.6,70.7,9,12,11.6,16,19.4,87.1,78.5,39.4,35.2,6.9,7.2,38.6,36.2,14.7,15.3,20,0
15.8,12.3,3,3.3,45.6,40.5,68,70.9,9,11,11.5,15.7,19.6,68,63.2,36.2,33,7.1,7.1,32.6,31.9,13.2,13.6,23,0
14.8,12.4,3.3,2.1,48.7,45,72.4,69.7,8,9.2,7.3,18.8,19.9,73.3,65.5,34,28.3,6.9,6.6,35,35.1,13.5,14.4,21,0
16.1,13.8,2.9,2.2,45,41.7,64.9,72.4,8,13,10.7,18.9,21.7,79.1,71.6,40.7,36.2,8.8,6.7,34,32.4,15.1,15.5,21,0
16.2,11.1,5.3,2,45.8,39.4,66.9,71,6,11.8,9.5,19.3,19.9,76.7,64.3,37.4,33.5,7.5,5.7,38.7,33.1,12.3,15.8,24,0
17.5,12,8.1,3.3,48,36.9,62.3,67.3,6,13.3,11.4,15.9,18.8,78.8,63.9,44.7,34.9,6,6.9,40.2,32.3,13.5,11.6,27,1
14.8,12.2,2.8,2.5,44.6,40.8,66.5,65.2,8,11.4,9.5,17.5,19.5,68,64.5,38.5,31.5,4.5,6.6,32.1,33.6,13.8,10.3,24,0
13.7,14.2,2.3,2.8,46.6,41.9,69.7,69.1,9,11.2,10.6,17.5,19,70.5,67.8,36.3,32.2,5.5,6.2,36.2,34.9,13.1,11.9,21,0
14.5,11.8,6.5,3.3,47.1,40.6,73.6,69.4,5,11.6,11.9,18.8,20.9,79.8,65,36.6,34.2,9.2,6.6,36.4,32.4,13.6,17.1,27,0
15.3,14.7,5.8,3.9,45.9,40.8,68.9,69.3,5,10.6,11.7,16.8,19.2,79.3,69.4,38.4,38.6,11.6,6.6,34.7,31.9,15.5,19.8,27,0
16,12.3,1.6,3.7,47.5,46.5,70.6,68.4,12,7.6,8.8,20.2,20.5,70.1,67.8,30.6,31.1,6.4,7.1,36.7,34.6,14.9,15.7,17,0
15.9,14.4,3.2,3.2,48.2,41.6,75.2,67.2,10,8.2,10.4,18.9,19.1,76.4,69.3,34.8,34.1,6.5,7.4,37.7,32.7,14.6,13.2,20,0
12.9,13.4,1.6,3.1,41.7,44.5,70.8,66.9,16,9.4,10.7,21.9,21.9,72.5,73.7,34.2,37.5,8.4,7.7,35.2,32.5,16.7,18.4,14,0
15.2,12.3,4.5,3.3,46.5,38.8,69.2,66.4,9,9.9,12.3,20.9,19.9,76.6,67.2,37.4,37.3,8.9,7.1,36.6,29.7,15.1,16.5,23,0
18,13.2,3.7,2.3,51,38.4,74.7,69.4,2,10.5,10.5,16.1,19.9,81.8,66.2,39.9,31.6,6.2,6.1,39.8,35.1,13.3,12.6,27,0
14.6,14.2,2.7,3.5,45.1,43.5,63.6,65,7,11.2,9,17.9,20.6,69.5,63,35.2,32.3,7.7,6.5,38.5,35.7,12.5,16.3,24,0
17.1,12.3,3.7,3.4,46.7,41.9,69.5,68.3,6,10.7,9.8,18.7,16.4,72.8,62.9,34.9,32.2,6.9,6,34.9,33.9,11.7,14,24,0
17.3,12.4,5,3.8,46.5,39.1,70.6,70.3,8,11.1,11.1,20,19.9,75.8,67.2,39.6,35.5,7,6.9,33.5,31.5,14.7,14.1,21,0
15.7,11.2,3.4,3.1,47.2,40.3,69.7,71.9,4,10.8,9.3,18.3,17.8,73.9,63.6,36.3,31.5,7.7,7.2,35.5,32.8,14.5,15.7,26,0
16.7,12.5,2.2,2.7,46.5,43.7,69,66,8,10.7,12.4,18.5,18.1,77,69,34.3,35.4,9.1,5.4,37.1,32.1,14.3,17.6,20,0
13.3,13.2,3.5,3.1,42.4,40.9,71.5,67.6,10,10,9.3,18.6,17.4,67.2,63.7,36.7,34.6,7.4,7.6,34.6,35.8,14.3,13.9,20,0
14,13.1,3.2,3.3,42.8,43.1,67.6,63.8,14,12,10.8,19.4,18.6,69.2,67.4,37.6,35.5,8.8,8.1,30.7,32,15.7,15.3,18,0
15.3,11.7,5,3.3,41.9,38.2,74.9,63.6,9,10.6,10.5,20.5,19,73.2,61.5,38,37.4,8.2,6,33.8,31.8,13.7,17,20,0
10.9,11.1,4.1,4.2,44.2,41.7,76.1,69.7,5,10.1,9.5,20.4,20.9,74.5,64,34.9,33.5,9.3,6.1,36.8,32.2,12.4,16.4,24,0
14.1,12.8,6.7,4.4,44.1,40.5,63.1,71.7,11,14.1,11.3,19.7,21.7,77.4,72.1,41.4,38.5,8.6,7.7,33.7,36.6,15,16.8,19,0
14.2,13.3,5,2.7,42,40.5,65.7,69.9,7,12,9.3,18,20.6,72.4,65.3,38,34.6,7.3,6.3,35.9,35.8,12.7,14.8,21,0
14.8,11.8,1.8,2.8,49.2,45.7,77.1,69,11,7.8,8.6,21,18.7,71.3,67.5,30.1,28.5,7.2,7.1,40.1,35.1,14.2,14,18,0
13.9,11.7,4.4,3.3,46.5,41.1,66.4,64.4,3,13,10.3,16.3,19.5,77.3,66.6,41.1,33.1,9.3,7.2,35.4,35.7,15,16.2,25,0
13.8,13.6,2.5,3.2,41.7,42.3,74,69.8,11,7.9,10.1,17.5,19.4,68.3,67.5,33.1,37,7.6,7,35,35.6,13.4,15.4,21,0
18.7,14,4.3,2.8,49.3,43,71,70.9,5,11.1,9.3,18,19.6,80.3,68.9,37.2,32.7,8,6.8,34,32,13.9,15.1,28,0
17.9,15,4,4.1,45.8,44.4,68.8,69.7,10,13.7,10.7,18.5,20.8,82.1,74.8,39.8,35.6,9.5,8.2,35.1,35.2,15.3,17.8,18,0
13.2,10.1,2,2.4,44,41.9,73.3,69.9,9,7.2,8.8,16.7,19.5,69.3,65,34.5,34.7,5.3,6.3,35.4,32.6,12.5,11.6,21,0
14.6,12.4,2.2,2.6,45,42.2,79.9,71.5,9,9.1,10.4,18.6,19.5,72.9,65.1,33.9,33.5,6.7,6.9,34.5,31.3,13.2,14.3,20,0
14.1,12.7,4.5,2.7,45.3,41.4,72.9,70.9,8,11.8,9.3,18.4,21.5,75.9,66.4,38.9,33.2,6.4,6.2,34.3,30.5,12.9,14.1,23,0
16,12.3,3.7,3.1,51.3,41,69.5,65.5,3,10.3,9.7,18.7,19.5,77.1,62.5,35.7,30.6,7.7,6.1,37.6,31.2,13.2,14.9,27,0
14.5,11.9,3.1,2.1,46.8,40.2,73.6,71.5,7,7.9,10.3,17,19.7,68.8,63.5,33.3,32.7,5.9,6.8,35.6,32.4,14.1,12.8,24,0
14.5,11.4,4.7,2.8,47.1,38.6,65.3,66,4,11.3,10.5,14.8,18.6,67.9,56.4,36.7,31.4,6,5.3,30.6,30.8,12.2,12.3,29,0
13.4,10.5,3.2,1.9,48.1,40.8,71.1,71,7,7.3,7.9,18.1,17.1,62.9,56.8,30.7,27.8,6.9,6.3,33.8,32.4,12.8,12.6,20,0
15.7,13.1,4.9,2.7,45,42.3,72,66.5,8,10.6,11,16.2,16.9,71,64.4,33.7,33,9.1,8.3,36.2,33.3,14.9,14.7,20,0
12.3,11.5,4.3,2.9,41,39.7,72.1,63.6,12,10.9,11.1,18.7,18.1,64.5,59.5,35.6,35.5,7.1,6.5,31,27,12.9,14.6,20,0
14.7,12.4,5.2,2.6,43.4,39.4,67.4,68.1,10,10.9,11.5,17.9,19.5,70.1,62.6,36.1,37,8.8,6.6,32.7,29.1,13.1,16.2,23,0
14.1,12.3,3,2.2,44.3,42.6,68.9,69.4,4,11.2,9.7,19.2,17.1,71,63,35.4,34.8,10.1,6.1,33.8,31.8,11.8,16.7,25,0
13.1,12.1,3.1,3.6,45.8,40.3,71.4,71.7,9,9.8,10.4,18.4,18.2,71.9,65.4,36.6,34.2,6.7,6,34.7,30.5,12.9,13,20,0
16.3,12,3.4,2.4,47.5,40.3,70.2,69.4,1,8.4,11.4,17,17.9,77.4,62.3,32.7,36.4,9.1,6.6,40.4,28,11.4,16.3,27,0
16,9.9,4.4,2.3,47.9,38.5,75.2,69.6,1,10.3,9.2,17.8,19.5,73.6,60.5,36.9,30.4,6.3,6.1,36.4,32.9,14,14.4,29,0
15,14.7,6.5,3,46.3,40.2,64.3,67,7,12,12.6,17.9,18.4,73.1,67.6,38,37.2,7.6,6.7,32.8,29.3,12.4,13.1,21,0
13.5,11.2,3.8,3.4,44.2,39.6,68,72,7,14.6,10,19.5,19.9,76.6,66.5,41.1,34.3,6.6,5.8,37.2,30.8,11.7,13.8,23,0
14.9,12.2,3.2,3.1,46.3,43.1,74.1,66.6,10,9.6,11,16.4,18.9,73.2,66.7,33.7,35.4,7.9,6.1,33.7,35.3,12.4,16.9,22,0
12.8,13.1,3,2.8,42.9,42.5,69.7,70.4,13,11,11,19.2,20.4,72.7,71.7,38,37.1,7.6,7.8,36.1,34.3,16.9,16.2,19,0
17.5,12.4,3.6,3.2,44.2,43.1,66.4,67.9,9,10.7,12,21.2,18.6,75.4,69.3,35.1,40.5,11.5,6.5,33,31.6,13.3,19.9,20,0
16.8,11.5,4.5,2.4,45.7,39.7,71.6,67.8,5,11,9.3,18.5,17.5,70.4,61.8,36.4,31.9,9,7.9,35.3,32.7,15.1,15.5,25,0
12.9,9.6,3.4,2.8,47.1,41.4,72.3,66.9,8,9.7,7.7,16.9,17.5,64.7,57.4,34.9,27.3,4.4,6.9,38.7,31.6,13.5,10.6,24,0
16.3,12.8,2.7,4,47.7,41.6,75.2,68.8,7,8.9,11,17.9,20.9,77.5,67.5,34.6,34.7,7.1,5.8,38.4,33.6,13.8,15.8,24,0
13.1,12.3,3.9,2.1,47.5,40.5,60.6,67.3,7,10.5,9.6,17.7,18.2,71,64.1,37.4,32.9,6.7,7.7,39.2,34.6,16.2,14,23,0
15.3,12.9,3.1,2.7,44,42,70.6,65.3,12,10.2,10.4,22.4,20.5,71.5,71,38.2,35.7,6.8,7.9,30.8,32,16,13.5,18,0
16.5,12.2,3.4,3.3,44.9,41.1,71.1,71.6,9,9.6,9.4,17.5,18.1,73.2,65,34.9,34.5,7.5,6.2,36.7,34.6,12.6,14.9,21,0
14.4,13.7,2.8,4.1,42.3,42.9,67.9,62.5,8,10.3,8.8,15.4,17.4,66,62.4,36.4,34.2,7,6.3,32.9,32.3,12.4,12.8,22,0
15.3,11.7,2.7,3.1,45.9,43.2,72.1,67.5,4,12.5,8.9,19.3,21.1,78.5,66.1,38,32.1,8.9,5.7,37.1,33.8,13.2,16.6,26,0
15.7,14.3,3.1,4,47.6,44.9,71.2,70.1,9,12.2,10.7,20.6,23,83.5,76.1,37.1,34,8.9,7.7,38.6,37.3,14.5,17,19,0
16.2,15.8,2.9,2.9,46.6,46.7,71.3,70.7,11,10.9,11,21.5,21.6,82,79,35.6,36,7.2,6.6,35.3,33.9,15,16.8,19,0
13.3,10,2.8,2.8,44.7,42.1,71.8,69.9,6,9.8,8.2,15.3,19.8,68.4,57,32.8,30.3,6.9,5.1,33.7,33.3,9.9,13.9,24,0
13.4,11.9,2.3,3.5,44.1,41.4,68.9,69,10,10.6,9.7,16.6,18.7,71.2,63.2,36,34,6.8,6,37.6,30.3,12.2,13.5,23,0
14.2,12.5,4.5,2.1,48.3,40.5,73.6,65,7,9.6,9.9,14.7,19.7,75.8,65.1,37.2,31.5,5.1,5.8,39.4,36.6,12.7,11.2,24,0
13.3,13.7,3.9,3.7,40.1,42.3,61.3,61.9,13,11.1,12.3,19.3,20.7,69.7,67.8,38.5,43.1,10.6,7.1,30.2,29,14.8,19.3,18,0
16.5,15.1,3.9,2.5,47.8,43.4,77.6,67.5,6,12,10.5,16.1,18,79.7,69.7,36.9,32.7,8,6.8,40.2,35.1,14.6,15.9,27,0
17.6,13.7,3.9,3.5,45.6,41.4,71.2,69.9,4,12.6,10.8,15.1,19.8,72.5,64.5,37.9,33,7.2,7.1,34.2,35.7,13.3,13.9,24,0
12.6,10.7,2.9,2.5,44.4,39.2,70.1,70.5,9,8,9.4,19.1,18.4,63.5,59,31.6,31.2,7.9,6.9,36.9,32.6,15.2,15.1,22,0
14.1,14.7,3.2,3,43.2,43.7,68.4,72.3,7,12.8,10.3,17,21.1,77.8,72.2,38.3,37.1,8.7,5.4,36.8,31.6,13.2,15.8,21,0
15,10.9,6.8,2.2,43.8,37.4,69,67.2,7,12.5,11.9,17.8,21.9,75.9,64.5,41.1,36.9,5.4,5.8,34.9,34.3,13,13.9,24,0
17.1,14.3,8.9,4.3,46,37.9,70,67.2,7,13.5,11.1,15.8,20,78,66.8,45.6,34.3,6.1,8.5,34.7,30.7,15,12.1,22,0
14.2,12.7,3.3,3.3,45.2,44.4,73,65.2,10,8.6,10.1,17.6,19.2,71.2,64.9,31.3,34.1,6.9,6.1,41.4,36.2,11.9,14.5,23,0
10.6,11.7,2.8,3.1,42.1,47.1,74.5,65,13,8.9,9.4,16.3,18.3,61.9,61.7,27.6,31.1,8.6,6.1,34.2,37.5,13.5,16.2,19,0
12.8,9.9,6.7,4,44.5,39,71.3,71.5,5,11.7,12.5,18.6,21.1,78.2,65.2,38.3,36.8,8.7,7.5,38,30.6,13.3,15.3,25,0
15.5,12.4,3.9,2.5,47.7,43.1,67,69.1,8,10.5,9.8,19.3,16.9,72.8,67,35.4,32.7,7.5,7.9,35.1,35.6,14.5,14.6,22,0
15.2,13.9,4.4,2.5,45.3,45,66.6,64.7,12,10.8,9,18.9,18.8,73.7,70,36.4,35.1,7.2,6.4,34.8,35.8,14.1,15.2,20,0
14.8,10.6,4.6,2.6,48.2,41,70.7,66.9,7,9.8,8.8,18.7,19.8,76.2,63.1,37.1,31.4,7.1,6.6,39,31.6,13.7,14.7,23,0
16.1,14.4,4.3,2.4,47.6,42.6,69.3,65.8,7,11.7,9.7,17.5,20.3,76.9,67.4,36.7,33.7,9.8,7.5,36.2,34.4,14.8,17.3,22,0
14.7,12.6,5.1,4,45.2,39.1,69.1,65.9,11,10.8,10.9,20.2,20.3,74.1,66.7,39.1,36.8,8.3,7.1,33.3,31.5,14.9,15.1,19,0
15.5,15.7,3.7,1.8,50.3,41.6,74.1,67.7,4,11.1,9.8,17.3,21.4,79.3,69.6,38.6,30.7,5.5,5.8,37.8,35.2,13.2,12.1,25,0
18.6,12.4,3.2,2.5,48.4,41.5,72.8,64.5,1,9.8,9.1,15.7,15.3,77,61.1,34.3,31.4,7.7,4.9,39.2,35.8,10.9,14.6,32,0
15.2,14,5.3,3.2,45.9,41.9,69.1,66.6,11,9.7,10.2,18.7,19.6,72.9,67.3,36.4,35.3,7.5,6.9,37.6,34.9,14.2,14.6,21,0
14.4,14.5,3.8,3.2,43.7,41.5,68.3,67.6,11,10.6,10.3,16.9,17.5,68.1,64.7,36.2,36.2,9.5,7.3,29.2,30.7,13,16.7,18,0
16.5,10.9,3.8,2.8,47.6,38.8,69.5,67.5,6,10.4,11.2,19.1,19.8,75,65.2,37.8,34.4,6.6,7.2,36.7,31.9,14.3,13.7,23,0
15,11.2,4.3,3.3,46.4,40.6,66.3,69,5,10.9,10.3,17.1,18.6,73.6,62.6,35.3,34.4,9.1,5.1,34.3,32.9,12.8,17.3,25,0
12.1,12.5,2.7,2.4,44.6,44.8,65.9,66.3,10,13,9.9,19.5,18.7,72.2,68,35.6,32.4,9.4,6.9,33.3,35.6,15.5,17.2,20,0
15.5,12.3,3.9,2.4,46.7,38.9,72.3,67.1,4,11.8,10.4,18.4,20.9,80.7,64.1,38.8,33,8.6,6.6,39.8,33.1,14,16.3,29,0
14.7,11.8,4.2,2.7,45.9,44.4,73,68.6,9,10.4,8.8,16.3,19.1,75.2,71.4,36.7,32.2,7,6.3,35.9,37.9,13.3,12.5,20,0
17.1,12.2,2.6,2.4,48.7,42.8,77.7,67,6,11.1,8.6,19.4,19,78.5,65.4,36.6,29.7,7.8,6.9,35.5,35.5,13.5,15,22,0
14.2,13.1,4.5,4,45.2,42.5,70.5,70.5,10,10.1,9.3,16,18.8,68,62.9,34.1,31.4,9.2,8.2,34.9,31.7,15.8,16.9,21,0
13.9,13.3,3.2,3.2,44.5,41,66.6,67.5,10,12.5,9.9,15.6,18.8,72.5,66,40.6,32.1,6.8,7.6,34.3,31.7,14.6,13.3,22,0
13.7,13.9,3,3.3,45.8,42.4,67.7,69.7,12,9.1,9.2,17.2,20.6,69.4,68.8,36.1,32.5,5.9,8.5,35.4,33,16.8,13.7,18,0
19.1,13.5,3.8,4.7,49.9,40.1,72.5,71.1,4,12.2,10.7,17.9,21.8,88,70.3,40.9,33.3,9.8,8.9,40.3,34.1,15.9,17.5,27,1
15.3,12.4,4.3,2.3,48.1,43.1,69.8,72.5,10,7.5,8.1,17.4,17.8,72.2,66.5,33.4,32.4,6,5.8,38.2,39.4,11.4,12.9,21,0
15,11.5,4.4,3.1,45.5,43.2,70.5,69.7,13,9.3,10.3,18.7,19.6,73.1,66.1,32,34.3,7.4,6.2,37,32.4,12.2,14.9,19,0
15,12.3,5.2,3.1,45.7,38.8,70.7,69.8,6,10.6,8.9,15.7,19.6,69.5,61.7,39.7,32.2,7,7.5,27,30.5,14.4,13.3,24,0
15,13.4,3.5,3.3,49.3,41.6,67.9,69.2,6,8.6,9.8,16.9,20.2,75.5,64.3,34.2,32.2,7.6,7.1,39.1,31.5,13.7,14.3,26,0
15.8,16.5,3.3,4,43.5,46.5,76,73.4,9,13.9,9.4,18.9,20.7,84.6,78.4,40.7,33.8,6.9,6.1,35.9,35.6,12.8,12.4,20,0
14.8,17.2,2.4,2.7,45,47.3,66.5,70.4,18,10.6,10.1,17.6,18.4,70.9,73.5,32.7,35.1,7.1,5.8,33.9,37.4,12,13.9,12,0
11.6,13,2.7,3.4,46.2,43.4,69.8,73.3,10,9.3,10.2,17.8,20.8,71.5,67.9,33.2,33.6,8.6,6.4,32.9,36.4,13,15.1,21,0
15.5,12.1,4.1,2.6,47.6,43,69,70,7,11.8,9.1,18.3,18,75.2,63.3,35.5,31.5,8.9,6.9,37.2,29.2,13.5,15.8,24,0
16.8,13.6,2.6,2.5,49.7,44.5,78,69.3,6,9.5,8.5,18.2,19.3,78.3,65.2,34.2,29.1,7.3,5.9,42.6,34.8,13.5,15.1,24,0
16.2,11.8,4.4,2.6,44.5,40.7,69.9,65.4,5,11.1,9.1,17.5,19.1,71.5,61.1,36.5,34.4,9.7,5.1,33.7,32.7,12,16.7,28,0
14.9,12.5,3.1,2.3,49.7,41.4,74.3,67.1,3,8.8,9.8,14.7,18.2,72.8,64.9,35.7,29.8,5,7.3,38.2,33.5,13.6,10.8,26,0
14.5,11.4,3.2,3.4,43.3,40.4,65.9,63.8,8,10.4,8.6,19.6,20.1,68.3,61.7,37.4,32.9,8,7.4,34.1,33.3,15.3,15.9,20,0
15.1,13.8,4.2,3.3,47.1,40.4,65.9,70.5,8,12.4,9.1,17.1,19.6,72.3,63.5,38.1,29.6,6.5,5.3,37.9,33.9,14,12.7,20,0
13.5,11.3,2.9,2.7,45.1,42.5,74.8,69.5,7,9.7,9.3,19.5,16,67.6,60.7,32.8,32.3,9.2,5.9,36.5,34.1,12.5,16.4,26,0
11.8,10.4,3.7,2,46.3,41.7,63.3,69.3,8,9.2,8.4,17.3,18,63.2,55.8,30.8,30.8,9.1,5,31.1,34,13.8,17.5,24,0
11.2,10.4,3.3,3.2,43.6,42.4,72.5,66.7,8,10.7,9.7,18.2,20.3,69.8,64.1,36.5,32.5,6,6.5,34.9,32.6,15.4,13.8,25,0
12,12.7,2.7,3.8,43.5,42.5,73.7,71.3,12,10.3,10.6,18,19.4,70.1,68.8,35.9,35.5,6.7,6.9,34.2,37.7,13.8,14.6,18,0
15.4,14.6,4.6,3.2,48.3,39,66.7,67.7,6,11.9,11.6,15.8,18.4,74.9,64.6,38,34.1,8.1,7.1,31.2,32.6,13.4,14.4,27,0
13.1,12.8,4.3,3,45.6,39.4,69.7,68.8,10,12,11,17.7,21.6,76.9,68.5,40.3,34.8,6,7,38.8,32,14,12.8,20,0
16.8,14,3.7,3.4,47.6,43.3,75.6,66.5,10,9.3,11,16.8,18.9,76.8,69.3,35,35.8,7.8,6.4,37.8,37.2,12.8,17,20,0
15.5,13.9,3,3.5,45.1,44,69.6,71.7,10,10,11.7,19.5,19.6,77.5,71.8,33,37.8,11.5,5.9,34.7,35.2,13.2,20,21,0
15.6,11.1,4.3,2.5,46.1,42.5,69.6,67.2,8,10.8,9.8,18.7,18.2,69.8,65.2,36.1,30.1,6.6,7.9,37.3,34.3,14.6,11.9,24,0
14.4,13.4,2.6,2.6,45.2,44.6,71.9,68.5,10,10.1,9.4,18.3,19.1,73.8,71.7,36.8,32.8,5.8,6.2,34.8,33.5,15.7,14.1,18,0
14.7,10.7,2.7,3.4,51.4,42.5,71.5,68.6,5,9.4,6.7,14.5,19.9,68,57.3,34.2,23.7,6,7.8,37.3,34.5,14.1,11.8,27,0
17.2,10.2,2.9,2.9,52.4,39.6,69.1,71.8,7,8.2,8.6,13.8,17.1,72.3,57.8,34.4,27.6,5.6,6.3,39.1,32,12.4,12,24,0
14.5,13.6,2,3.7,45.5,40.3,67.9,66.6,10,12.4,8.5,16.8,20.1,72.7,65.6,41.5,30.6,7.5,8.3,30.3,34.2,17.1,15.6,20,0
16.5,13.9,3,4.1,46.1,43.4,79.2,67.1,7,9.5,9.7,16.6,18.9,74.7,65.1,34.2,32.6,7.3,5.2,36.4,33,12,14.9,27,0
15.4,12.1,1.7,2.8,43.5,41.3,72.2,70.1,6,11.1,8.3,15.8,17.4,71.8,62.1,37.9,32.6,6.8,6.2,35.8,32.4,11.7,12.7,24,0
12,12.7,5.6,4.1,43.6,39.5,73.6,71.7,7,12.5,9.7,18.5,18.8,73,62.4,37.4,33.2,8.3,5.5,35.9,31.8,12.6,15.8,22,0
16.5,13.7,3.7,2.9,45,45.1,74.2,72.7,10,8.4,9.9,15.1,17,71.5,67.3,30.4,34.3,8,6.5,36,36.1,11.5,14.9,21,0
16.1,13.9,3.6,3.6,49.1,43.6,68.4,69.1,5,12.7,10.4,19.3,23,84.9,74,40.3,32.9,8.6,7.5,39.9,37,14.6,14.5,26,0
18.9,14.7,2.5,2.7,48.5,45.4,73.4,69.8,5,13.3,10.7,20.5,19.2,86.5,74.2,37.2,33.3,8.2,6.8,38.4,33.8,14.1,17.9,27,0
14.1,11,3.6,2.6,44.7,41.3,70.5,70.1,5,11.5,10.5,19,19.5,75,64.3,35.9,35,8.3,6.5,35.6,30.7,13.4,17,24,0
14.5,10.9,3.8,2.2,44.5,39.9,67.7,65.9,5,9.8,8.1,18.7,18.4,68,59.4,35.2,31.9,8.2,6.4,36.4,33.2,13.8,15.1,27,0
13.1,11.7,1.8,2.9,44,42.5,67.7,67.7,8,8.6,7.4,15.1,19.3,67.4,60.2,34.7,31,5.3,5.6,39.1,29.9,11.4,11.7,22,0
14.4,10.1,2.2,2.6,48.3,43.1,74.5,73.3,6,5.6,8.8,15.2,16,64.2,54.7,24.6,29.3,8,4.3,40.4,31.5,10.7,14.6,24,0
12.1,13.5,4.9,4.3,45.6,42.6,70.8,68,12,11.2,10.3,14,18.8,70.3,67.5,36.6,32.1,6.3,6.7,31.8,35.4,13.5,11.6,17,0
12.4,12.7,2.5,3.4,44.8,42.6,71.2,68.9,10,9.2,9.1,18.8,19.3,68.6,64.5,33.7,31.5,6.4,6.3,37.9,34.4,13.9,13.8,21,0
14.9,13.7,3.8,3.1,44.6,45.3,70.9,72.7,12,11.9,9.5,16.7,18.8,73.7,68.7,34.5,34.8,9.8,6,31.9,35,13.2,18.6,19,0
15.5,11.9,6.1,3.8,45.8,41.6,69.2,66.3,9,10.9,10.8,16.9,19.1,73.7,64.9,35.6,34.7,8.3,6.5,33.6,38,13.3,16.3,22,0
16.7,14.4,3.5,3.1,49.3,44.1,69.1,70.6,10,10.2,11.9,19.7,19.5,80.6,76,35.5,35.1,7.7,8.5,37.7,34.2,16,15.2,20,0
17.8,12.6,4.4,3.1,48.4,42.7,67.5,69.1,7,11.4,10.6,16.2,19.8,74.2,66.2,35.5,31.7,6.2,6.5,36.1,36.8,12.9,13.2,26,0
16.2,11.9,4.5,3,43.9,40.4,72,74,10,11.5,10,18.6,17.8,71.5,65.1,37.6,34.8,8.9,7.5,33.6,31,14.8,16.1,20,0
14.3,10.4,1.7,2.4,46.5,38.5,69.6,70,4,8.5,8,17.3,18.8,66.1,55.8,32.3,29.4,8.7,7.1,39,31.8,14.6,16.2,26,0
13,12.7,2.7,2.7,44.9,43.5,73.3,72.9,10,8.3,8.1,16.7,19.4,68.6,64.5,32.3,31,5.3,4.6,37.4,35,12.2,13.4,20,0
15.9,12.4,8.8,3.9,47.3,38.3,70.6,71.2,3,13.5,11.6,15.5,20.8,81.8,67.1,43.8,34.3,6.6,7.8,36.6,30.7,14.2,13.2,27,0
18.3,14.7,1.7,2.9,45.6,42.1,76.2,67.6,10,10.8,9.3,18.4,18.5,77.5,68.9,39,33.2,4.9,5.4,37.2,34.8,12.6,12.2,20,0
15.2,12.2,5.6,3.7,48.7,42.9,76.1,66.7,3,8.3,12.9,17.3,21.1,81.1,68.1,33.4,36.1,9.4,7.1,38.6,30.3,13.6,16,30,0
16.7,11.1,5.3,2.7,50.1,39.8,74.4,66.5,6,9.6,10.6,15.9,18.8,78.3,63.5,35.9,32.3,7.6,7.4,39.2,31.7,14.2,15.3,27,1
14.5,11.1,3.5,3.9,48.1,38.8,66.4,68.4,7,8.9,10.2,15.1,16.9,69.4,60.1,34.9,32.8,7.1,6.3,35.6,31.7,12.7,13.3,23,0
17,14.3,4.5,3.6,46.6,42.2,64.6,65.5,2,12.5,10,18.3,20.3,78.7,67.5,38.1,34.6,9.3,6.4,35.6,32.8,13.9,17.4,26,0
15.6,11.8,3.6,3.6,46.8,42,70.6,68.8,9,9.5,8.3,14.7,15.6,66,58.9,32.7,28.9,5.9,5.1,35.5,34.8,11.2,11.9,21,0
13.9,14,2.8,2.8,47.7,43.2,78.2,68.9,3,10,10.8,18.8,21.2,80.1,72.8,37.6,33.9,7.1,6.2,36.3,34.6,13,12.8,27,0
12.2,11.4,3.1,3.2,41.4,40,61.3,64.6,15,11.5,9.1,20.6,18.9,66.3,64,39.7,35.1,7.5,7.1,32.1,33.8,15.9,15.1,16,0
15.2,10.2,2.4,2.4,45.8,40.5,64.3,69.4,6,11.1,7.9,17.6,16.8,70,58.7,35.8,29.8,6.2,5.4,36.1,31.7,11.8,13.8,25,0
15,13.1,2.3,3.5,46.1,43.6,69,70.8,11,9.1,9.1,18.5,18.1,72,67.2,34,33,6.3,6.9,39.5,31.1,14,14.4,18,0
15.5,13.1,4.1,2.6,48,43.3,69.2,73.9,7,11.4,10.3,18.6,21.3,79.8,72.2,36.8,34.4,7.7,7.3,40.2,34,14.8,16,23,0
14.7,12.6,4.9,2.9,43.2,38.1,71,64.9,8,9.4,9.7,15.2,19,66.3,58.9,37.8,34.1,6.6,7.6,33.6,31.7,14.7,14.4,25,0
17.8,12.5,5.6,3.2,47.5,37,67.2,67.4,7,11.6,11,18.2,18.8,75.2,61.3,39.5,34.2,9.8,7.2,38,34.4,15.4,16.6,25,0
13.3,10.9,2.4,2.9,44.7,44.6,71.5,74.6,8,9.5,7,20,20.1,72.3,65.9,33.4,30.4,7.8,5.8,35.9,33.3,13.1,16.2,25,0
14.1,12.8,3,3.4,44.7,42.5,67.6,67.6,12,11.3,10.6,17.1,17.3,70.8,66.2,36.3,33.4,5.9,5.3,35,32.6,12.8,13.1,21,0
15.2,10.7,6.6,4.2,46.5,40.7,69,69.3,8,12.2,9.8,15.7,18.3,73.1,63.9,40.2,32.4,8.2,6.5,32.4,34.4,15.3,14.9,23,0
15.5,14.8,3,3.9,45.5,40.7,73.2,68.9,10,10.3,12.2,19.3,17,75,69.4,36.1,36.1,7.6,6.9,39.7,32.7,14.6,14.1,20,0
15.1,11.8,6.4,2.9,45.1,38,68.2,69.6,3,14.1,10.3,20.4,20.5,80,65.5,41.3,34.6,9.8,7,35.4,30.3,15.4,17.1,30,0
16.7,13.8,3,3,47.7,43.5,76.9,70.3,11,9.5,9.1,18.4,17.8,74.1,68.6,35.7,30.5,6.3,6.2,37.8,36,13.8,12.9,22,0
14.8,13.2,3.6,2.8,44.1,39.3,67,70.3,14,6.9,11.2,16.8,17.3,64.4,63.4,32.7,37,7.5,7.4,33.7,32.2,14.8,15.2,18,0
18.2,14.2,3.1,3.9,49.2,43.9,72,71.4,6,9.7,10.1,18.1,19,79,71,35.4,32.1,7.4,6.3,37.3,35.8,13.7,14.9,23,0
15.6,12.4,4.7,2.1,45,39.9,65.1,68.7,6,11.8,9.6,18.3,17.5,71.1,61.3,36.8,34,8.1,6,35.3,30.8,12.4,14.4,24,0
17.8,13.1,4.2,3.7,47.7,41.1,70.8,70.9,7,12.5,9.9,17.1,20.6,79.4,68.6,40.3,31.8,7.7,9.1,37.5,33.1,16.4,14.8,22,0
13.3,10.5,3.8,2,45.4,40.3,72,70.6,9,7.6,8.4,14.5,17.9,65.6,57.8,33.4,31.9,5.4,5.8,34.1,32.4,12,12,23,0
15.6,13,4.4,3.3,46.6,41.3,75.1,70.9,9,7.6,11.2,17.6,20.1,74.5,67.4,32.7,35.8,7.3,6.9,37.1,31,13.4,13.6,21,0
15.6,12,4.8,3.3,45.6,40.1,71.8,67.1,5,11,10.2,16.2,18.1,72.8,63.7,38.4,34.1,5.4,6.3,36,30.4,12.8,13.4,27,0
17.3,14.1,3.3,2.7,46.1,43.4,66.6,67.6,7,12,11,20.5,20.1,75.7,69.6,36.1,34.4,9.2,7.3,36.7,34.3,15.5,17.1,25,0
15.3,13.5,2.8,2.8,46.5,42.4,71.8,67.4,5,8.8,9.8,15.3,16.4,73.8,63.7,34,34.6,6.8,5.1,36.5,30.7,11.8,13.5,25,0
14.6,11.3,3.4,2.8,45.1,43.8,71.4,74.3,8,12.5,7.5,17.2,17.8,68.8,63.7,36.6,27.7,7.1,6.9,35.9,38.9,14,13.6,20,0
16,11.2,4.2,2.2,46,43.9,70.9,68.9,11,11.4,9.4,17.7,19.5,74.9,68.1,36.8,32.1,6.7,7.1,38.9,35.1,14.3,14.3,21,0
16.1,12.2,2.1,2.5,48.6,40.9,74.6,68.2,7,8.6,9.7,15.5,17.3,74.3,64,35.5,31.8,5.9,6.9,38.8,33.1,12.9,13.7,24,0
14.1,11.1,2.7,2.5,44.5,42,67.5,72.1,8,8.9,8.9,18.3,19,68.5,60.1,31.7,33.5,9.7,6.8,32.3,36.9,12.8,17.4,20,0
16.6,12.2,3.9,3.5,45.9,39.8,69.3,67.6,7,11.3,8.6,16.9,19.8,72.5,62.9,39,31,6.1,5.7,34.6,34.4,13.8,12.9,24,0
14.1,12.3,1.4,3.2,45.2,44,70.3,69.5,6,10.1,9.2,18.6,19.1,73.6,65.6,33.8,33.7,8.5,6.1,36.7,30,13.3,16.5,24,0
12.2,11.5,3.2,3.3,41.2,40.6,68.6,71.5,10,10,8,19.8,17.2,60.4,56.5,32.5,31.5,8.3,6.2,33.3,30.5,13.9,17,22,0
13.1,13.5,3.1,3.4,46,43.8,72.8,66.7,8,11.5,10.4,16.5,19.5,74.4,67.4,35.7,31.8,7.5,6.8,39.6,33.4,14.8,14.5,24,0
12.4,13.2,2.7,4.5,40.9,42.2,74.6,68.6,11,10.5,9.3,19,18.7,67.8,67.1,36.8,34.8,6.9,6.7,33.5,33.4,13.1,13.6,18,0
12.4,10.6,3.8,3.6,43.9,39,65.2,67.3,12,11.4,10.9,18.1,17.4,65.6,64.5,39.2,35.4,7.7,8,32.2,31.5,17.1,14.9,20,0
15.5,14.9,6.3,3.1,43.8,39.8,64.3,70.1,11,12.1,11.6,17.9,17.9,72.4,68.9,38.2,37.6,8.9,7.4,33.9,34.2,14.9,15.5,23,0
16.8,16,3.3,4,46.4,47,70,68.3,7,10.4,10.1,18,18,80.4,73.5,33.5,36.3,10,6.2,38.7,36.3,12.7,17.8,21,0
14.9,13.1,5,2.3,46.2,38.4,72.7,71,6,12.6,8.7,15.2,18.4,75.2,60.3,40.3,29.9,8,6.6,37.3,32.2,13.3,13.7,27,0
16.4,11.9,3,3.4,44.6,41,67.9,71.3,8,9,9,21.5,20.1,68.7,60.3,32.2,32.8,8.5,6,36.1,34.5,13.3,18,21,0
15.5,12.1,3.6,2.9,45.3,41.8,64.7,69.9,6,9.3,12.3,18,18.3,74.4,65.6,31.3,39.5,10.9,6.3,34.3,33.6,12.6,20.3,24,0
14.1,10.9,2.8,3.1,47.3,41.5,69.1,70.1,6,9.8,8.6,16.7,17.8,67.7,58.7,33.5,28.9,5.7,5.2,34.6,32.9,14.1,13.9,27,0
15.5,10.9,1.7,2.7,43.2,38.9,70,66.1,7,10.8,9.2,20.6,18.3,68.2,59.8,36,34.1,7.5,5.5,33.8,28.2,12.5,15.4,25,0
17.3,12.4,2.8,3.6,49.8,41.9,72.2,67.4,8,8.1,10.1,15.4,16.1,72.1,64.7,33.8,31.1,5.2,6.2,40.1,35.3,13,12,23,0
12.2,13.5,4.8,4.6,41.7,42.1,75.7,66.8,4,11.6,9.2,18.7,19.5,74.2,63.8,36.3,35.4,7.8,5.2,37.5,33.7,11,15.5,25,0
17.5,13.6,2.8,2.2,44.5,44.9,74.5,71.5,10,6.6,10.4,12.7,14.8,70.7,63.4,27.7,37.5,8.1,4.8,35,33.2,8.5,15.9,20,0
16,14.6,3.5,3.3,47.1,43.6,74.9,75.5,6,12.9,8.9,19.2,19.8,82,69.9,37.7,31.9,8.3,6,36.5,32,14.6,17.9,24,0
14.9,12.9,1.8,3.5,44.1,40.3,72.4,67.7,8,10.4,8.7,15.6,17.5,69.2,61.9,37.7,32.1,5.2,6.4,36.6,33.8,12.7,12.1,24,0
12.5,11.2,2.9,3.7,43.5,44.5,69,68.7,8,12.6,8.5,19.2,21.6,74,66.5,38.2,32.5,7,6.5,33.5,32.4,13.4,15.1,21,0
15.8,11.8,3.3,2.8,44.8,40.1,69.2,74.1,7,11.2,8.5,17.1,19.2,73.4,61.2,36.4,30.9,9.6,6.3,36.2,31.6,14,16.6,23,0
13.6,11.7,3.4,2.8,43.2,42.7,66.4,69.9,11,11.6,9.6,17.1,20.8,71.1,65.6,36.3,34.5,5.3,6.2,34.7,34,11.6,13.4,19,0
15.6,13.3,5,4.2,46.1,39.6,72.5,68.7,10,9,10.7,17.9,18.7,71.6,63.4,35.1,32.6,6.2,6,37,31.6,12.5,12,21,0
13.2,12,2.5,4,45.3,43.9,72.2,71.2,9,9.5,8.2,19.2,19.3,67.9,65.1,33.7,30.9,5.8,6.1,37.2,35,13.1,13.7,23,0
16.2,15.8,3.3,2.7,47.8,44.1,75,68.8,10,10.9,10.1,13.7,19.8,78,72.5,37.4,31.9,6,6,34.1,35,13.8,12,20,0
14.9,12.4,6.3,3.3,46.1,41.1,70.3,70,13,9.7,10.1,17.5,18.4,71.1,66,35.2,32.8,6.9,7.7,34.6,32.9,14.9,13.9,21,0
15.5,12.7,3.2,3,46.2,39.2,69.2,69.9,9,10.2,11.2,18.3,17.5,72.4,64.5,37.2,34.5,6.1,8.9,35.5,28.5,15.7,13.5,23,0
14.6,14.1,5.7,3.5,47.8,44.4,72.4,69.7,11,10.6,11.7,15.3,19.3,74.3,69.8,34.6,32.9,5.7,6.9,34.9,33.1,13.5,12,20,0
12.2,9.6,1.9,2.8,43.5,40.6,76,68.6,6,7.5,8.7,19.1,19.8,67.6,57.1,29.6,31.3,5.5,3.5,36.8,33.4,9.4,13,27,0
15.9,12.4,3.5,3.2,49.1,43.4,66,69,8,10.6,9,19.5,19.1,78.1,69,37.4,31.3,6,6.7,41.5,33.8,13.4,13.5,25,0
12.5,13.1,3.5,3.1,43.3,44.2,73.4,65.6,11,10.5,9.5,16.1,18.2,68.8,66,35,33,6,6.8,38.6,33.8,13.8,13.8,22,0
13.4,11.9,2.5,3.4,44.5,41.6,75.4,69.8,10,9.5,9.3,16.7,19.8,67.3,60.9,32.8,30.9,6.4,5.8,33.8,35.1,12.5,13.8,22,0
16.4,13.2,2.7,2.5,44.9,42.4,75.3,68.4,4,12.3,8.5,17.7,19.4,81.3,68.7,40.5,34,8,6.7,36.9,35.5,14.5,16.9,29,0
13.1,11.4,4.8,3.5,46.9,42.2,68.9,70.7,10,9.9,9.1,17.5,19.8,70.4,62,35.3,30.4,7.3,7.6,38.1,31.4,15.2,14.8,22,0
14.5,14.7,2.5,2.5,46.2,45.6,67.9,66.2,11,7.4,9.4,13.6,15,65.2,63.3,28.2,32.2,8,6.9,35,35.8,13.3,15.5,21,0
15.4,10.7,4.9,2.4,52.6,40.7,69.2,66,5,10,8.9,15.6,19.2,79.8,62.6,37.7,29.2,6.6,7.2,40.9,28.5,14,12.7,29,1
13.3,13.9,1.8,3.3,45,41.9,66.3,69.3,13,11,10.4,18.5,20.9,70.5,70.5,36.8,33.4,6.9,7.4,36,34.7,17.1,15.4,21,0
14.4,13.1,4.4,2.7,45.8,41.3,70,72.7,8,10.4,10.1,18.8,17.9,70.2,64.6,34.1,33.3,9.1,6.3,36.8,32.9,13.6,16.6,23,0
14.8,10.9,5.1,2.3,50.5,38.3,70.9,71,6,9.9,9.9,16.4,17.6,69.1,58,33.8,28.4,5.2,6.8,37,30.3,13.2,11.5,26,0
15.3,14.1,3.6,3,49,43.8,68.1,70.4,11,12.6,9.4,20.8,19.2,78.6,69.4,36.4,30.7,9.9,7,37.2,33.1,15.5,16.8,20,0
14.5,12.9,3.6,3.1,48.3,39.9,75.1,69.3,10,9.3,9.4,19.2,20,78.5,70.1,37.4,33.4,6.2,6,39.4,33.9,13.6,13.2,23,0
13.6,11.7,3.6,2.3,43,41.4,73.4,70.9,8,10.1,7.4,18.3,19.3,63.9,57.5,32.1,27.8,9.5,6.2,35.1,37.8,15.1,16.7,25,0
13.9,10.9,2.8,3.2,43.2,40.2,62.4,69.4,11,10.9,7.6,17.3,17.7,64.1,57.1,35.2,30,5.9,5.4,34.9,32.6,13.6,14.2,23,0
13.3,10.2,4.3,3,44.6,41.6,71,65.1,10,10.1,8.7,20.5,18.4,70.2,61.8,33.8,31.4,6.4,5.9,38.1,31,12.3,14.2,20,0
13.4,13.1,3.1,4.1,41.7,44.9,71.1,65.6,13,11,11.7,20.7,19.9,71.1,73.5,35.8,38.4,8.2,6.7,31.3,34.1,15.1,17.5,20,0
17.1,11.1,6.5,3,49.4,37.6,66,67.1,4,11.5,10,18.8,19.1,78.4,61.7,39.7,32.8,9.2,6.9,39.6,31.8,14.1,16.6,30,0
15.8,13,4.7,3.2,47.6,41.2,70.3,64.8,11,9.3,10.6,16.1,17.9,73.4,67.7,36.2,33.1,5.9,6.9,35.5,33.5,14.2,12.7,21,0
14.2,15.3,2.8,2.5,45.4,44.4,70.2,70.9,7,11.5,11.2,17.5,19.4,80.5,75.3,36.6,37.6,7.4,6.5,37.5,37.8,13.9,16.2,24,0
14.6,11.8,4.2,3.1,43.4,40.2,67.8,66.2,9,12.1,10.7,20.5,19.8,71.6,63.1,36.7,34.8,7.4,5.8,33.3,32.9,12.6,14.8,23,0
14,12.9,3.4,4.1,43.6,42,66.6,68.9,9,12.5,10.4,20.3,20.4,71.9,64.9,36.9,33.5,8.7,7.1,33.3,34.5,14.4,16.6,24,0
17.3,11.6,6.9,3.9,47.8,38.9,69.4,69.4,8,11.4,13.1,18,20.1,79,67.5,38.9,36.9,7.4,8.1,38.6,30.2,15.9,16.7,24,0
14.5,10.6,5.9,3.8,45.5,39.2,62.1,68,3,13.4,9.9,19.8,20.8,78.9,63.1,39.7,34.4,9.3,5.7,35.1,31.3,13.2,16.8,30,0
12.8,9.6,4.1,2.8,46,40.7,70.9,69.2,14,6.6,8.7,16.9,16.7,59.5,57.4,30.2,30.6,5.7,7,33.3,32.4,13.1,11.6,18,0
16,10.9,4.6,3.4,46.9,38.5,65.4,67.8,11,10,8.9,18.6,17.6,65,57.2,34.8,27.7,5.1,6.1,37.5,32.2,14.7,12.1,22,0
18.4,13.5,4.5,4,49.9,41.5,71.2,66.6,6,12.4,9.7,17.1,20.8,85.7,68.6,40.9,32.3,8.1,7.5,35.8,33.7,13.6,15.8,28,0
12.6,10.6,4.4,3.5,45.7,41.6,65.7,69.6,10,12.5,9.9,20.3,20.6,77,71.2,39.9,34.3,6.6,6.5,37,36.1,15.7,15.7,23,0
16.7,13.3,4.4,2.6,48.4,40.9,75.5,72.3,4,10.2,10.5,16.8,17.5,77.4,67.5,38.2,31.6,5.4,5.9,40.6,31.4,13.1,11.5,28,0
13.9,12.6,2.8,3.7,47.9,43.8,65.9,70.5,8,12.3,10.6,20.5,22.9,78,72.4,37.9,32.9,7.1,6.5,38.8,33.3,16.8,16.6,25,0
13.3,14.7,1.6,3.3,41.8,46.8,73.1,68,11,12.8,9.6,17.3,20.6,75.8,74.5,38.3,34.6,6.4,6.1,34.3,35.8,13.4,13.6,22,0
17.3,14.3,3.4,3.7,45.9,41.7,74.3,68.7,7,11,10.4,18.2,19.9,81,68,38.4,34.1,8.5,6.6,39,34,12.8,14.8,24,0
14.9,12.5,5.6,2.5,47.2,40.4,70.3,68.5,3,10.3,9.2,13.7,17.8,74.5,62,35.7,32.7,6.8,5,36.1,33.6,11.3,13.2,30,0
14.6,12,3.5,3,43.1,41.2,72.5,65.8,8,10.7,8.6,18.8,19.2,69.4,62,36.8,32.5,7.6,5.2,34.6,33.5,12.1,14.3,24,0
13.5,10.4,4.5,2.3,46.6,41.8,71.1,70.4,10,9.6,8.8,17.7,20.5,71.8,64.9,35.4,31.1,6.2,5.7,36.2,32.3,14.9,13.7,23,0
13.9,12.3,2,4.1,45.2,43.9,76.1,68.5,7,10.2,9.7,16.3,18,75.9,66.2,34.4,32.4,6.9,5.7,39,31.6,12.4,14.6,26,0
17.4,12.7,3,3.3,48.8,43.4,66.3,69.8,8,8.9,9.8,18.5,20,74.1,67.7,33.1,33.3,8.5,7.1,36.2,35.9,13.7,15.8,22,0
17.5,12,3.6,2.9,47.2,40.7,66.1,72.7,7,10.3,9.2,16.5,18,71.3,62.8,35.9,31.3,5.2,5.1,38.2,30.9,11.6,11.8,27,0
13.7,12.6,2.6,3.9,46,42.5,67.8,69.7,11,9.9,9,19.8,18.7,69.9,63.4,33,31.8,7.9,7,35.7,32.7,13.9,16.3,21,0
11.5,9.4,3.2,2.5,44.8,41.8,69.3,69.9,6,8.4,6.4,20.3,19.6,62.9,56.2,29.7,28.5,6.5,6.5,36.8,33.9,13.6,15.2,27,0
14.8,11.2,5.9,2.5,44.8,41.4,68.2,69.7,12,11.4,8.8,18.3,18.6,69.5,67.1,38.5,32.6,4.6,8.2,34.9,33.7,14.7,11.4,18,0
15.6,14.5,3.1,4.3,44.8,45.7,65.3,72.8,10,12.3,10.7,20.1,20.5,80.9,75.1,35.7,37,9.6,6.3,36.5,34.8,13.9,17.7,22,0
13.9,14.1,5.6,3.2,44.5,41.1,73.6,68.9,9,12.6,11.4,17.5,20.4,81.7,72.2,39.7,37.5,7.5,5.8,38.9,36,12.3,14.1,24,0
17.4,11,3.3,2.9,49.8,37.5,71.6,70.8,6,8.7,9.1,19.5,19.8,75.6,59.4,35.8,30.7,6.6,4.7,42.2,29.4,12.1,14.4,25,0
18,13.3,2.9,2.7,52.2,43.5,70.7,70.4,6,10,9.4,19.1,21.1,79.2,69.8,35.5,30,7.8,7.6,40.2,35,16.1,15.8,26,0
13.3,12.8,1.8,2.7,45.3,46.1,73.9,67.5,12,7.8,10.4,17.4,19.4,71.7,69.1,30.9,35.6,6.8,5.2,41.2,34.3,11.5,15.2,21,0
14.4,11.9,3.2,2.8,47.7,42.8,66.6,69.4,5,9.3,8.1,16.6,17.4,71.4,59.9,32.8,30.4,7.5,5.1,37.1,35.4,12,15.2,26,0
14.8,11.6,5.3,2.6,44.5,42.8,71.6,70.6,6,10.6,10,18.2,18.4,74.9,66.8,34.9,35.3,7.8,4.9,36,33.8,10.8,15.1,28,0
12.8,11.5,4,2.8,47.6,39,71.5,70.4,11,8.3,11.1,17.9,20.3,71.8,65.2,34.6,34.5,5.6,6,39.5,31,14.4,14.2,23,0
13.6,11.5,3,3.3,45.7,45.3,72.8,69,6,10.5,8.6,18.4,18.7,75,65.7,33.3,32.2,7.7,5.2,40.1,35.6,11.2,15.9,27,0
17,13.4,2.7,3.2,45.6,43.7,72.9,70.6,11,8.3,10.1,17.1,17.6,76.3,70.2,33.7,35.9,7.6,6.4,37.6,34,12.3,15.4,20,0
12.8,11.8,3.2,4.3,42.4,41.1,78.1,69.8,10,11.3,8.6,19.4,20.1,72.5,64.6,36.1,31.7,8.2,6.3,35.2,35.3,13.5,15.6,22,0
12.9,14,3.2,3.6,43.7,40.8,74.2,70.1,10,11.3,10.1,20,20.6,77,70.8,39,34.5,4.7,4.9,36.4,34.8,13.5,13.3,20,0
13.2,11,4.6,2.7,46.8,41.7,66,65.7,11,9.7,9.8,18.1,18.9,71.5,64.1,33.3,33.8,8.4,4.5,36.3,34.9,10.6,15.1,21,0
13.9,9.6,4.6,2.4,46.5,40.4,71.7,68.5,7,6.8,8.7,16.2,16.7,66.9,59.5,30.7,32.9,6.6,4.6,37.2,33.1,10.4,13.8,25,0
13.7,13.4,2.4,3.1,48.6,43.9,67.2,69.2,11,8.3,10.2,19.1,20.6,70.8,69.2,32.9,32,6.6,6.4,39.5,32.3,16.1,14.2,20,0
16.7,11.4,3.7,2.5,47.7,41.1,62.4,65.5,4,10.8,7.8,17.1,18.1,74.9,61.4,37.6,30.9,7.9,6.1,36,32.7,12.9,14.6,28,0
13.5,10.5,3.1,2.9,46,41,68.8,65.8,5,9.8,8,15.2,21.5,70.2,57.9,34.9,30.4,5.6,5.6,35.2,34.4,11,14.2,29,0
12.2,12.8,1.5,2.7,43.8,42,73.2,71.4,9,8.8,9.2,17.4,16.8,64.4,62.2,32.2,32.8,5.9,4.7,34.7,32.4,12.1,13.8,23,0
14.9,13.1,3.5,3,47.6,43.1,74.1,67.6,8,9.6,9.5,17.7,20.9,76.3,65.5,33.7,31.4,5.6,5.5,39,31.5,12.5,14,24,0
11.6,11.5,2.6,3.8,44.2,41.5,74.1,73.4,11,7.8,7.9,17.7,18.4,64.8,62.1,32.1,29.7,4.5,6.2,41,35,13.2,11.8,21,0
15.5,13.1,3.5,2.6,47.5,44.1,74.8,70.2,14,7.1,9.5,16.3,18.4,71.9,66.9,31.3,32.4,5.6,5.1,39,34.6,12,12.3,19,0
14.4,12.7,5.2,3.9,46.8,42.6,67.8,69.7,11,11.3,9.8,18.8,19,74.1,68.3,36.5,32.4,6.8,6.7,34.1,33.5,15,14.4,22,0
14.3,15.2,2.1,3.3,44.6,46.6,71.3,69.4,10,9,8.7,17.6,20.9,74,70.8,31.9,34.3,9.6,6.7,38.2,37.4,12.3,16.5,24,0
12.1,12,4.3,3.8,45.4,43.1,74.3,70.3,10,10.2,10.7,20.7,19.7,81.3,74.9,37.5,37.7,7.4,5.2,37.8,35.4,12.5,14.1,21,0
17.3,13.8,1.9,3.2,45.2,45.6,69.8,70.4,8,10.7,9.5,18.4,18.1,79.8,73.4,36.8,35.2,8.5,7.5,36.5,34.5,14.5,16,25,0
17.8,13.5,2.4,3,50.8,44.2,64.7,67.4,8,8.8,9.8,17.4,20.3,81.4,75.5,35.9,33.6,6.3,6.3,41.7,37.6,15.3,14.6,25,0
13.1,9.7,2.4,2.4,44.9,43,73.7,66.5,3,8,8.6,17.3,18.2,68.8,58.4,29.8,31.1,6.5,4.7,38,31.8,10.2,13.8,29,0
16.8,10.7,3.8,2.2,46,38.9,65.5,70.7,7,8.7,8.6,17.7,19.3,73.7,63.2,38.6,34.3,5.9,6.8,37.3,30,14.1,13.5,27,0
15.7,12.3,5.4,3.5,45.7,43.7,62.3,71.7,9,14.4,10.4,19.5,17.9,79.2,69.8,38.4,36.1,9.8,6.8,37.3,30.5,14.5,17.6,24,0
14.8,13.3,8.6,3.5,46.2,38.7,72,68,8,11.8,11.6,15.2,21.8,77.5,68.7,41.9,35.5,5.7,7.7,36.1,34.9,13.6,11.9,24,0
9.1,13.5,2.1,4.3,39.9,43.8,71.4,66.6,20,9.4,10.9,18.8,18.5,59.8,66,31.3,36.1,7,6.8,31.5,34.4,14.3,16.2,16,0
14.9,13.4,3,2.7,48.6,42.7,76.1,69.7,5,7.9,9.3,18.2,19,76.3,68.5,33.8,33.3,6,6.3,40.8,36.2,13.5,14.4,22,0
15.3,15,1.5,2.7,47.3,46.4,70.2,66.6,8,10.5,9,19.1,16.5,81.8,72.7,35.9,35.1,9,6.2,38.5,37.5,13.5,17.1,24,0
17.1,11.4,3.2,2.5,46.9,42.2,71.7,63.2,6,10,8.2,18.1,17.4,77.9,63.2,36.2,33.1,8.1,5.5,36.4,35.6,11.7,16.4,26,0
14.7,13.1,2.6,3,44.6,43.5,75.9,67.4,4,10.3,9.1,14.9,19,73.9,62.1,34.3,31.3,7.6,5.8,36.9,35,11.8,15.5,28,0
14.6,12.3,3.9,4.2,46.2,43.5,69.7,67.2,5,10.9,10.7,19.2,22.3,83.2,69.4,37.1,36.9,8.7,5.7,37.7,32.9,13.5,18.2,27,0
13,11.7,3.2,2.6,46.5,42,70.3,71.7,10,9,8,15.4,18.3,69.3,62.5,34.6,30.6,5.6,5.7,34.8,33.2,11.7,11.5,23,0
15.5,10.5,4.8,2.6,49.1,36.8,65.2,67.9,5,8.3,10.4,17.6,16.6,69.6,58.1,35,31.9,6.8,6.9,38.4,29.8,13.3,11.8,27,0
11.5,12.6,3.4,3.8,42.9,42.7,67.9,65,16,11.4,10.1,17.9,17.2,68.1,67.4,38.1,34.1,6.7,6.9,33,31.4,14.7,12.8,17,0
14.5,11.5,4.7,3.4,48.5,39.6,71.2,64.8,7,9.7,9.2,17.7,20.1,76.5,63.8,38.5,32.2,7.6,7,37.5,32.6,14.2,14.5,25,0
13.4,13.5,3.8,2.9,46.3,41.2,72.4,62.6,7,10.3,9.2,17.3,19.2,75,65.3,37.9,32.2,7.1,6.1,35,35.4,13.4,13.1,25,0
18,11.3,5.9,2.6,50.8,37.9,70.2,68.1,3,10.7,9.2,17.7,18.8,80.5,61.5,38.8,31,8.9,6.4,39.7,32.8,13.2,15.2,31,1
15.5,13.6,3.4,3.5,44.3,42.4,68.7,65.6,11,14.5,9.6,20.1,20.4,78,68.9,41.3,32.9,7.5,7.1,31.7,37.4,15.1,16,20,0
13.9,11.7,3.8,3.6,46.4,41.2,71.4,67.3,6,9.3,10.3,18.7,19.3,68.9,61.9,33.5,32.3,8.6,7.1,36.6,32,14.7,16,28,0
12.7,11,4.8,3.7,46.9,39.6,73.3,70.7,12,8.6,10.3,18.8,18.8,68.5,65.6,33.6,31.9,6.6,6.2,36.9,32.7,15.4,12.9,18,0
15.1,12.3,4.9,2.6,46.3,38.7,64.6,68.3,8,10.4,10,18.2,18.8,72.5,61.5,37.3,34.5,8,5.9,35,30.4,13.6,14.4,24,0
14.7,12.1,3.7,3.5,44.6,41.6,70.6,67.9,9,11.6,10.1,20.9,19.5,75.9,64.8,37.1,34.4,9.3,6,35.3,30,12.6,16.3,24,0
15.1,13.2,3.5,3.3,45.1,43.4,72.5,71.5,8,9.6,9.8,16.2,17.2,74.2,68.4,34.1,35.3,6.3,4.7,38.9,35.1,9.5,12.7,24,0
15.9,11,6.1,3.3,46.6,39.1,60.7,68.1,1,12.7,9.3,17.2,19.9,79.9,61.9,40.6,34.4,8.4,5.8,35.9,30.7,11.6,15.4,33,0
13.4,11.8,4.5,4.1,43.7,40.7,75.1,66.4,10,11.5,10.7,18.7,19.9,74.8,67.9,38.1,36.1,6,6.4,38.5,35.3,13.3,14.2,22,0
17.5,12.4,4.2,4.1,48,40.2,73.7,67,8,10.6,9.4,18.4,17,71.2,62.6,37.1,30.3,5.8,5.9,37,31.1,13.3,11.8,25,0
11.4,11.8,2.7,3.7,39.8,44.3,67.8,65.6,15,10.2,9.8,17.6,19.4,61.7,65.9,33.7,35.8,6.2,6.2,33.7,31.6,13.8,15.1,17,0
13.2,11.7,7.9,3.4,46,37,64.6,68.4,10,10.6,10.9,16.7,19.1,73.2,65.5,41.1,36.8,5.9,6.6,33.4,31.8,14.7,12.2,22,0
12.9,11.4,3.6,3,44.3,42.3,70.3,70.2,14,8.7,10.4,19.7,19.2,69.2,67.7,34,35.9,7.2,6.1,36.1,32.2,14.1,14.6,18,0
16.6,13.7,4.4,5,48.8,42.6,75.7,66.8,2,13.7,9.8,16.9,20.6,88.6,72.5,43.5,32.6,8.2,7.9,37.2,32.6,14.3,15.8,32,0
18.4,15.1,3.8,3.7,45.4,41.1,73.7,64.5,7,11.4,10.8,15,18.3,79,69.6,41.7,35.9,6.2,6.4,40.5,33.5,12.9,12.2,24,0
12.5,10.7,3.9,3.2,44.2,41.4,68.1,72.7,11,10.1,8.5,16.9,19.8,67.9,63.8,35.3,32.8,6.5,6.8,34.8,32.6,12.8,12.9,22,0
13.4,10.2,3.9,2.5,44,40,67.1,75,8,9.9,9.3,16.7,19.2,69.2,62,36.4,33.9,6.2,5.7,36.9,33.6,12.9,13.5,24,0
14.9,13.8,2.5,3.4,48,44.4,69.4,69,13,8.5,9.5,18.3,18.2,76.6,72.5,34.3,32.7,4.6,5.8,39.2,33.4,12.5,11,18,0
15.6,12.6,3.4,3.2,45.6,42,66.7,69.7,9,12.6,9.5,16.1,18.2,73.8,65.1,37.9,33.6,6.8,4.8,33.5,33.3,11.9,13.8,26,0
15.8,13.4,3.3,2,46.4,44.3,67.7,72,9,10.2,8.6,17.8,19.7,73.9,68,34.3,32.1,7,6.8,39.3,34.4,14.5,15.1,23,0
13.2,12.2,4.4,3.3,42.4,43.6,71.2,67,8,9.9,7.9,19.6,18.6,69.6,62.4,33.4,32.9,8.4,5.8,37.3,34.8,12.6,17.1,24,0
15.4,13,3,2.8,47.4,42,70.4,67.1,6,11.1,8.6,17.2,21.3,75.1,65.4,37.1,30.8,6.1,7,36.2,33.4,13.6,13.7,26,0
13.2,11.9,3.1,3.9,45.1,44.1,67.1,66.8,13,9.1,8.5,17.5,18.1,65.7,63.8,33.4,32.4,6.9,6.9,34,34.5,14.6,14.9,21,0
14.4,14.1,3.5,3.6,45.1,45.2,68.9,65,10,9.8,11.5,15.4,19.5,76.9,71.2,34.1,38.3,9.4,5.4,38.2,37,11.1,17,22,0
14.8,14.4,4.5,3.4,47.7,43.7,72.6,68.5,12,8.6,9.5,17.5,18.2,73.1,67.4,32.3,32.1,7.1,6.4,38.6,37,12.5,13.7,21,0
14.6,9.1,5.2,3.6,45.8,40.5,66.1,68.4,6,11.3,10.1,17.4,19.7,75.7,63.7,37.9,34.8,7,5.3,36,30.6,13.6,14.7,25,0
14.6,10,5.2,2.5,44.9,39.6,69.4,66.4,7,11.9,8.7,16.9,19.2,70.9,61.6,39.5,31.7,4.4,5.9,36.6,33.3,12.1,11.4,26,0
15,13.7,4.3,2.3,46.9,42.5,74.4,72.4,12,7.5,9.9,17.6,17.6,72.3,68.7,32.1,34.1,6.2,5.8,36.8,35.7,12.4,12.7,21,0
17.6,13.4,3.3,4.1,45.8,43,65.9,67.3,4,12.7,11.2,20.7,20.8,81.8,70,37.8,37.2,9.3,5.8,35.7,31.2,13.1,18,29,0
13.2,12.7,5.2,2.9,45.2,38.9,68.3,68.7,6,11.6,11.1,16.6,18.7,75.5,64.9,38.7,35.7,6,4.6,38.6,32.6,9.4,11.8,28,0
13.8,11.1,4.1,3.9,46.7,39.6,63.3,65,10,10,8.6,16.9,19.4,70.8,61.6,39,31.9,4.4,5.6,36.1,33.7,12.6,11.4,24,0
14.2,13.1,2.6,2.7,47.7,40,65.5,66.1,11,9.5,10.5,19.7,19.5,73.4,68.9,37.9,34.8,6.7,7.6,34.8,32,17,15.3,21,0
14.5,11.3,4.3,2.7,47.6,41.7,73.2,68.2,3,11.3,7.7,14.6,18.2,73.6,59,36.8,28.6,7.3,4.9,35,32.4,12.2,14.2,31,0
14.6,11.9,3,2.8,42.2,41,74.7,67,7,9.1,9.8,17.3,17.9,69.7,62.3,34.6,36.5,7.8,4.7,33.2,30.8,10.6,14.7,26,0
12.4,11.2,4.4,2.7,48,39.4,68.5,68.5,11,7.9,11.3,16,18.5,69,63.7,33.5,33.5,5.7,7.1,38.7,30.7,14.5,13.1,21,0
17.8,13.2,3.5,3.5,46.5,43.8,73.5,69.5,7,9.1,11,18.1,19.9,80,74.6,35.3,36.1,6.1,6.9,39.9,35,14.4,14.8,26,0
13.3,13,2.8,4.6,43.1,43.6,72.7,68.4,12,11.1,8.7,20.7,20.1,72.8,69.5,36,33.6,8.1,6.6,34.4,36.5,14.1,16.2,20,0
12.7,11.6,3.7,2.7,47.1,42.3,70.1,70.5,6,11.3,9.9,21.3,19.6,77.4,66.8,35.1,32.6,7.9,6.3,39.2,33.2,14.1,17.5,27,0
15.4,11.4,5,2.6,45.3,42,68.9,65.5,10,10.4,8.6,19.1,19.9,74.8,63.6,36.1,34,6.9,5.6,35.5,35.8,11,15.5,24,0
13.7,10.2,2.9,2.6,47.4,41.4,72.8,72,8,6.6,7.7,15.3,17.2,66.4,56.4,29.9,30.7,6.2,4.3,37.2,33.2,10,12.8,24,0
12.8,12.1,3.6,2.6,43.8,39.6,59.1,68.2,11,10.2,7.9,17.3,18.1,64.9,58.5,35.1,32.1,8.4,6.4,37,30.9,12.6,14.8,22,0
12.6,10,3.3,2.8,44.9,38.3,70.5,68.3,4,10.3,8.3,14.3,20.1,67.3,54.4,35.8,30.1,6.1,6.3,35.6,31.3,11.8,13.4,29,0
15.2,13,3.4,3.8,47.4,40.9,74.9,67.7,6,9.9,9.3,17.3,20.2,75.1,63.4,35.9,30.7,5.6,6.5,39.1,33.5,12.7,12.6,27,0
12.4,9.8,2.2,2.5,41.8,40.3,70.8,68.7,12,9.6,10.5,20.7,18.7,66.8,60.3,33.4,34.4,7.5,7.4,33.2,29.1,13.5,17.2,23,0
13.9,10.6,4.8,2.6,46.6,39.5,63.4,66.7,9,9.4,11.6,17.4,17.7,68.9,63.3,35.1,34.8,5.7,6.3,33.2,30.3,13,12.5,22,0
13.2,10.5,2.5,3.2,46.6,39.7,64.8,72.7,7,8.2,7.8,18,17.3,64.5,59.1,32.7,30.3,5.5,6.1,37.5,33,12.8,12.5,24,0
14.3,15.7,3,2.3,47.4,43.8,73.8,69,13,9.6,10.6,15.6,17.9,72.3,69.2,33.8,31.6,6.2,5.5,38.9,34.9,12.5,11.8,19,0
15.5,12.1,2.1,2,48,41.1,73.7,73.8,9,7.5,8.5,15.9,17.4,69.4,60.5,31.2,29.9,5.7,5.9,37,31.9,11.4,11.8,24,0
12,12.7,4.2,3.4,44.1,41.2,67,70.6,8,9.6,11.1,20.4,19.5,70,67.4,34.4,36.5,7.1,6.3,33.4,32.2,13.2,14.7,23,0
14.8,12.3,4.3,4.8,44.3,42.6,73.8,69.4,11,12.6,12.2,18.1,19,74.4,70.5,36.9,34,6.1,6.9,33.4,32.8,13.2,12.5,22,0
13,10.4,3.2,3,43.8,38.5,72.4,71.1,5,9,8.4,17.7,19.8,67.8,57.9,34.2,30.9,6,5.8,35.2,32.1,12.4,13,26,0
16.3,11.6,3.6,2.5,48.4,40.7,72.9,70.1,7,7.8,7.8,18.4,18.1,77.1,65.2,36.2,32.5,7.3,5.2,38.1,30.1,11.4,13.8,25,0
15.4,12.6,2,3.3,48.3,44.2,75.5,70.5,10,8.8,9.2,16.9,18.4,74.9,68.8,33.7,31.6,4.8,5.1,42.7,34.9,12,12.3,22,0
14.9,13.3,5.8,3.3,46.3,43.1,68.8,66.7,8,12.8,11.2,18,18,78.3,68,37.2,35.1,9.3,7.6,37.4,35.9,14.1,17,23,0
13.8,11.1,3.2,3.9,43.2,41.1,70.1,68,10,10.3,9.3,18.3,18.4,66.4,59.5,34,33.8,8.6,6,31.1,32.3,12.2,15.7,25,0
15.8,12.7,7.8,3.5,47.4,37.7,67.8,69.9,4,12.9,10.5,13.1,21.4,78.3,64.3,43.3,34.4,5.8,6.7,34.1,30.4,12.7,11.4,27,0
15.5,11.6,3.7,3.1,47.3,41.5,73,70.1,9,8.6,9.2,17.9,17.9,73.6,64.7,35.6,32.5,6.5,6.1,41.1,30.6,12.7,13.3,21,0
13.8,13.5,2.7,2.5,45.4,41.9,69.6,72.2,13,11.3,10,22,18.2,73.6,70.3,37.1,33.7,8.9,7.8,35.3,32.7,17.6,17.1,17,0
13.9,11.7,3.5,3.9,42.1,39.7,64.8,69.7,7,12.3,9,19.2,18.2,66.8,61.4,37.6,33.2,6.5,4.9,32.8,31.2,13.3,14.4,26,0
13.2,10.5,3.9,3.9,44.4,43.4,72.8,68.9,6,12.2,9.6,18.2,20.9,77.5,65.9,36.4,33.5,8.4,5.7,34.9,33.8,12.1,16.2,28,0
12.6,12.6,3.9,2.6,46.2,40.7,70.9,69.5,10,10.3,10.6,18.2,19,78.1,70.1,37.9,36.6,8.4,6.7,33.1,32.7,13.8,16.4,23,0
12.1,10.5,5.8,3,43.5,38.7,72.5,68.8,9,9.9,11.4,18.7,19,68.3,64.9,35.7,34.8,8.1,7,34.2,32.7,15.5,15.1,25,0
15.1,11.4,5.1,2.8,48.8,37.8,71.7,68.3,5,8.8,10.3,16.2,18,78.9,63,37.6,34.6,7.3,5.3,39,34.9,11.1,14.4,26,0
17.5,11.7,3.6,2.4,46.1,39.5,71.1,63.1,9,7.9,9.5,15.3,14.5,64.8,57.2,33.2,33.4,5.9,5.8,35,29.6,12,13.5,24,0
15.7,12.5,4.4,3.3,47.8,38.3,72.5,72.6,7,10.6,9.6,18.9,20.1,76.4,65.4,39.1,31.8,6.7,7.3,37.1,33.4,14.5,13.2,25,0
16.9,12.1,6,3.1,45.7,39.5,64.2,68.1,5,11.1,10.6,16.9,16.7,74.3,61.8,37.5,35.1,9.1,6.6,36.9,30.9,13.6,15.9,28,0
15.1,9.5,6.1,3.2,44.8,40.9,71.6,69.2,7,11.9,9.4,17.3,18,74.8,66.2,39,33.8,7.6,6.1,37.2,31.5,12.1,13,26,0
15,13.9,2.9,3.3,45.2,44.9,72.8,67.3,9,10.8,9.1,17.7,21.1,78.3,69.5,35.7,32.9,7.9,5.9,34.7,34.7,11.5,14.7,24,0
14.6,13.1,4.1,4.1,42.4,42.2,75.8,68.9,13,11.1,11.8,16.6,17.2,71.8,69.1,36.1,38.1,7.7,5.7,33.3,34.8,12.1,15.3,20,0
14.2,9.8,6,2.8,45,37.2,69,68.6,3,11.8,9.4,17.6,19,75.1,58.8,39.2,33.2,8.9,5.9,32.6,30,12.4,14.9,31,0
15.5,13.8,2.7,3.1,42.5,43.5,75.7,72.5,13,8.3,9.3,15.2,15.5,66.9,63.2,31,34.4,6.3,5.1,33.4,31.1,11.2,13.2,20,0
16.1,11.6,2.8,3.4,45.1,41.6,69.9,69.6,6,12.3,7.5,19.3,19.9,72,63.7,39,29.7,6.5,6,35.4,31.8,13.8,13.2,26,0
14.1,12.5,6.1,2.5,44.1,40.1,71.5,72,10,10,8.9,17.8,18.5,66.3,61.6,34.2,32,8.3,7.5,32.7,35.1,14,14.6,22,0
12.4,10.8,7.4,3.2,43.3,39.3,71,65,12,10,12,16.8,19.7,74.4,68.9,38.4,39.4,6.9,6.8,36.1,33.6,14.3,13.5,23,0
18.2,11.9,3.7,2.6,47.3,41.9,67.2,67.4,6,11.5,11,19.9,19.1,81.5,67.7,36.6,37.1,10,6.2,35.3,30.3,11.7,18,28,0
12.9,13,3.9,3.9,43.8,41.9,72.1,68.5,15,12.3,8.3,18.2,19,69.8,67,38.8,30.5,6.6,6.8,33.3,35.5,15.3,12.7,19,0
11.2,9.5,3.1,3.9,41.9,40.8,64.8,69,11,12.3,9.5,19.2,17.3,66.7,62.3,38,34.3,6.6,6.6,33.7,29.9,12.9,15.1,23,0
18,13.6,5.2,4.4,48,41,75.2,69.4,4,12.9,11.2,16,20.7,89.8,72,41.7,35.4,8.6,7,38.7,33.7,12.4,15.7,28,1
14.8,12.4,3.3,3,48.7,45.1,73.9,71.5,6,9.4,7.9,16.3,18.7,80.6,69.1,35.6,31.3,7,6.1,41.2,36.1,11.1,13,26,0
12.3,12.1,2.4,2.2,45.3,41.9,75.3,71,10,7.4,7.8,18.2,19.5,67.4,63.5,33.5,30.5,4.3,5,34.6,34.8,11.6,10.6,23,0
13.3,13.6,5.3,2.1,48.1,40.6,70.1,69.4,10,7.1,10.2,15.1,17,66.8,62,31.1,32.4,5.9,5.8,37.5,34.8,13.1,12.8,22,0
14.4,11.9,4.4,2,49.1,39.8,67.4,68.8,5,10.8,10.6,17,21.4,78.7,67.5,39,33.3,6.9,6.5,35,33.8,13.6,12.6,27,0
12.7,12.5,2.3,2.9,46.1,44.4,74.8,69.8,11,8.6,9.9,21.3,19.2,80.9,74.5,35,36.4,7.6,5.4,38.4,34.5,12.1,14.9,22,0
17.6,12.8,3.9,3.2,47.9,40.7,67.6,70.6,4,13.1,8.9,16.1,17.4,77.4,64.4,39.8,30.4,6.8,5.4,35.2,32.9,12,12.5,28,0
15.2,13,2.8,2.5,45.5,45.4,67.9,70,9,10.5,9,16.8,16.6,73.4,68.5,33.8,33,7.4,6.8,38,34.6,13.6,14.2,23,0
14.9,12.5,4.8,3,44.1,39.1,70.3,67,9,8.5,9.6,17.6,17.4,69.1,59.8,34.3,34.9,7.2,5.2,34.6,32.9,11.5,14.6,25,0
14.1,13.8,4.6,2.5,46.1,39.9,67.9,70.9,11,11.4,10,18.4,20.4,75.5,71.9,41.6,35.2,6.8,8.4,35.2,33.2,16.1,13.2,21,0
15.3,12.9,3.5,3,47.3,42.6,70.4,66.8,10,8.6,9.2,19.8,17.6,70.5,65.4,33.2,32.1,8.6,6.7,39.4,36.6,14.9,15.6,24,0
13.2,8.4,3.1,3.7,43.8,37.7,64.9,70.2,7,8.3,8,18.2,16.8,65.6,56.1,35.2,34.5,6.3,5.6,31.5,26.7,11.7,15,24,0
15.3,15.1,4.5,3.7,46.7,43.7,66.4,68.2,7,10.8,10.7,14.8,18.9,77.4,70.3,36.3,36.8,8.8,6.7,33,33.9,13.1,16.5,26,0
18.1,16.4,5.1,3.9,48.7,41.1,64.5,63,9,11,12.7,15.3,19.2,80.2,71.7,39.3,36.8,7.8,8.2,34.5,29.5,15.1,14,26,0
15.5,12.8,4.1,1.9,44.3,40.5,70,67.3,11,9.8,9.1,17.1,16.2,68.6,63.5,36.7,33.6,5.6,6.5,36.7,34.8,12.2,11.6,22,0
16.3,13.5,3.6,3.4,45.5,44.3,67.6,68.5,12,12.5,9.5,18.9,19.4,78.4,72.5,38.7,34.3,6.6,6,31.5,33.7,13.1,14.8,21,0
12.8,11,5.3,2.9,44.4,40.7,66.8,67.5,11,12.5,10.1,19.3,20.2,72.3,65.6,38.9,33.9,6.2,6.2,32.8,34.3,12.5,13.5,22,0
12.6,13.1,3.9,3.4,44.9,43.4,69.4,69.3,9,10.9,8.5,17.2,21.3,71.8,67.1,36.7,31.9,4.8,5.7,36.1,36.7,12.6,12.1,23,0
15.5,11.8,3.1,2.1,49,44.6,72.4,69.6,8,9.9,8.3,17.1,16.5,75.5,64,32.9,29.5,8.3,5.3,39.9,36.1,12.4,15.6,25,0
12.5,11.9,4.7,2.1,47.3,40.5,67.4,70.7,12,10.2,9.2,16.6,18.9,68.5,63.5,35.4,30.3,6.4,6.5,32.6,33.6,13.8,13,21,0
13.5,10.6,4.9,1.7,47.4,40.5,78.1,72,9,7.4,7.4,18.6,18.1,71.2,64.6,35.1,30.3,5,7,36.9,35.9,13.6,10.5,24,0
16.2,12.2,2.5,3.1,49.6,41.9,74,74.2,4,9.3,8.1,15.4,17.7,72.4,62,34.3,27.6,4.8,5.6,39.4,36.3,11,10.5,30,0
13.6,16.9,2.3,3.4,43.8,44.1,65.7,63.8,16,11,10.7,18.5,22.2,75.9,76.8,39.2,36.7,6.2,7.9,35.2,36.3,15.7,14.1,18,0
13.8,11.4,4.6,2.5,46.1,39.7,70.5,70.5,9,9.1,9.8,19.2,17.9,71.8,63.4,33.9,34.5,7.6,5.6,36.9,33.7,12.5,14.1,24,0
14.5,13.8,3.4,3.4,45.1,40.3,75.3,67.8,7,11.1,8.6,19.3,20.2,76.8,67.4,38.1,33.2,7.9,6.3,35.2,33.7,13.1,14.9,26,0
13.4,13,3.3,2.4,45.2,43.8,68.9,69.1,8,11.7,9.1,17.2,18.2,72.2,67,36.9,31.9,5.7,6.2,37.3,34.8,13.1,13.1,24,0
15.1,11.3,4.5,3.5,42.9,42.1,69.8,68.2,11,13.1,9,18.9,18.9,72,61.8,38.1,32.3,6.7,6.2,32.9,30.3,11.8,15.3,23,0
13.1,11.8,5.7,3.7,49,39.8,71.1,70.5,6,11.2,11,18.8,21,81,70.7,40.7,34.8,8.3,7.7,31.9,30.4,15.7,15.4,24,0
13.1,12.1,2.7,3.1,45.7,41.8,70,67.9,8,13.3,10,19.5,21.4,78.6,69.5,40.8,33.1,7.4,6.8,33.6,33,14.7,14.8,25,0
11.9,10.4,2.6,2.5,43.6,44,72.6,71.8,12,8.4,6.5,16,18,63.8,59,30.8,28.4,4.9,4.3,36,32.6,9.6,11.5,19,0
13.2,12,5.1,4.3,45.9,38.6,67.6,65.8,7,10.7,9,18.6,21,71.7,61.9,39.4,31.1,5.3,6.9,39.4,32.6,14.4,12.4,25,0
12.4,11.5,3.6,4.4,40.8,40.6,66.8,66.3,15,10.5,8.3,22.5,20.7,63.7,64.3,37.8,31.9,6.7,7.7,30.3,32.2,16.7,13.9,17,0
14.1,13.1,6.7,2.4,48.7,38.2,72.5,68,7,11,10.9,17.6,18.3,77,65.6,39.1,32.7,6.5,6,38.6,33.2,13.6,12.1,25,0
12.2,10.7,2.3,3.2,44.3,41.6,73.8,67.9,4,8,7.7,18,20.5,68.7,59.4,32.7,30.1,7,5.3,34.2,31.7,12,13.9,28,0
15.8,12.4,3.5,2.9,48.3,40.8,79,68.2,5,8.4,8.3,17.3,18.6,83.1,66.4,37,32.8,8.5,6.1,41.7,33.4,11.6,15.7,29,0
14.3,12.4,2.5,3.8,47.6,43.5,75.7,69.4,10,9.5,9.5,16.9,17.3,77.2,68.2,35.4,32,5.6,5.5,37.4,31.6,12,12.8,23,0
14.1,12,4.7,3.1,45.3,42.2,66.1,67.9,10,11.6,10.2,17.6,18.3,73.4,64.5,36.8,34.8,9.4,8.2,34.2,29.4,15,17.2,21,0
16,11.5,3.7,2.9,48.3,41.9,73,71,4,8.5,8.5,17.6,16.5,74.9,63.4,33.7,30.6,7.1,6.4,43,34,12.2,13.6,27,0
13.8,10.8,4.1,3.9,44.2,40.1,75.9,68.7,5,12.9,9.8,18,19.4,77,61,38.9,32.9,6.6,5.3,38.5,28.3,10.9,14.2,29,1
10.9,13.2,3.2,3.7,43.2,41.8,65.9,66.1,14,11.1,10.6,19.2,19.1,69.2,67.5,36.5,35.7,8.4,7.3,30.8,33.2,14.8,16.6,20,0
14.1,12.9,2.8,4,44.4,43.1,70.3,68,12,11.5,9.7,14.7,17.2,72.2,66.4,37.2,34.4,7.1,6.7,31.3,32.5,12.4,13.7,21,0
13.9,9.8,6.3,2.4,45.2,37.7,64.4,67.2,9,11.2,10.1,17.9,18.6,68.2,60.4,37.8,32.6,8.3,7.9,33.4,32.8,16.5,16,22,0
15.4,13.1,4.6,3.9,49.9,41.7,71.1,71.8,10,8.1,9.5,17,18.4,73.5,66.1,33.3,31,7,7.2,38.7,33.5,13.9,13.1,23,0
14.1,13.1,5.3,3.1,45.9,38.4,65.7,66.6,12,12.3,10.8,18.6,19.1,72.8,65.7,39.7,34.9,8,7.9,36.3,31.5,16.4,15.2,22,0
13.4,12.2,4.2,2.9,49.2,40.8,66.4,64.8,6,9.2,9.5,18,21.3,76.9,67.4,37.8,33.3,6.7,6.6,35.3,33,13.1,13,26,0
12.4,13.4,2.9,3.4,42,46.1,71,71.4,15,10.9,11.7,18.6,18.4,78.6,75,33.9,42.3,9.4,4.5,35.6,33.2,9,16.7,19,0
16.9,12.4,6.4,3.7,48.9,37.9,69.9,68.6,2,11.7,10.8,18.2,19.9,81.6,64.2,40.5,33.6,8.4,6.5,40.4,33.1,13.1,13.9,32,0
14.6,11.9,5.1,3.4,44.9,41.9,66.9,70.1,7,13,10.1,22.3,24,79.7,69.8,38.8,34.5,7.4,6.9,35.9,34,14.3,16.9,26,0
15,11,7.2,3.1,47.9,37.8,66.9,68.9,2,12.9,10.7,16.9,20.8,79.3,64.9,41.7,33.5,7.3,6.9,33.1,31.3,14.4,14,32,0
15,14.4,2.6,3.4,45.5,42.8,71.9,70.8,10,8.6,9.5,17.8,20.4,75.1,70.6,36.3,35.1,6.2,6.6,40,34.8,13,13.7,22,0
15.5,13.4,4.1,2.1,44.7,42.9,70.1,70.2,12,13.3,11.2,20.1,19.4,75.9,69.8,36.8,35,7.8,6.6,33.7,34.7,13.7,15.3,20,0
15.2,13.7,2.1,3.7,45.6,45,74.1,68.1,11,8.5,9.4,17,17.2,73.1,64.6,31.5,32.8,7.9,5.6,41.3,32.5,10.4,14.4,22,0
16.5,11.6,4.7,3.5,47.1,39.4,72.9,69.3,8,11.1,12.5,16.8,18.6,79.7,68.3,38.5,37.9,7.8,5.6,38.2,34,11.6,15.1,23,0
16.4,12.5,3.3,2.5,47.1,40.6,68.5,71,8,11.5,7.9,18,17.5,71.8,63.8,38.5,29.9,6.5,6.6,34.4,32.8,13.9,12.4,24,0
16.7,13.1,5.7,2.6,46.8,40,70,68,13,9.5,9.1,16.5,17.5,72.4,64.1,35.3,33.6,7.8,6.6,39.9,34.1,12.6,14.2,21,0
15.4,11.2,4.7,3.1,44,41,72.4,70.2,10,11,11.9,19.3,18.8,77.3,66.2,35.3,38.2,10.9,6,36.8,31.7,12.7,19.4,22,0
12.4,10,3.3,2.6,48.3,41.7,72.3,65.5,9,7.8,8.7,17.8,17.6,69.6,61.3,32.8,30.1,6.4,5.6,39.9,36,12.2,12.6,22,0
12.5,11.6,4.1,4.2,42.9,42.3,70.1,67.5,9,13.3,11,21.1,20.5,76,70.4,40.2,36.5,6.6,5.9,33.1,32.5,13.5,14.3,27,0
15.4,11.1,5.4,2.8,49.8,38.7,69.5,69.4,4,11,9.4,17.1,18.6,76.4,60.4,36.6,30.3,9.6,6.5,37.7,33.3,14.6,16.8,30,0
10.5,8.9,2,2,42.9,40.6,75.8,69,4,8.3,7.3,15.9,18.5,63.3,55.1,32.3,29.7,5.7,4.7,35.4,33.3,10.6,12.1,28,0
11.9,11.3,2.8,4,45.6,43.3,71.9,70.5,8,9.5,9.2,17.9,22.5,73.8,69.8,36.9,33.2,4.4,7.2,33.3,32.4,14.7,12.7,24,0
14.2,13.3,3.4,2.8,43.8,42.8,66.9,67,4,11.3,7.8,17.6,22.5,75.9,67.2,38.5,33.3,6.6,5.6,36.9,33.3,11.1,13.6,29,0
14.2,16.2,3.3,2.6,46,44.9,70,69,11,9.7,11.9,17.4,18.8,78.3,77.6,35.6,37.7,6,5.6,37.1,35.6,12.9,13.3,22,0
16.7,13.9,3,3.3,47,43.5,72.3,74.2,11,9.7,9.3,15.1,18,75.3,68.4,35.7,32.2,5.5,6,38.8,34.9,10.3,10.3,23,0
13.2,12.9,4.8,3.3,44.8,45.3,71.9,67.2,8,11.5,9,18,20.5,76.5,71.5,38.4,33.5,6.8,6.9,32.2,34.2,13.9,13.2,26,0
14.7,12.5,4.2,2,49.2,41,69.7,71,7,7.7,8.8,15.3,18.2,74.1,61.5,33.3,31.7,7.1,5.4,39,33.7,11.4,14.3,27,0
14.2,13.9,2.6,3.5,43,41.8,71.9,70,14,10.1,11.3,18.8,20.2,74.7,69.4,37,37.7,7.5,5.8,36.6,31.3,12.8,15.3,21,0
12.5,11.5,2.5,2.9,45.1,41.9,71.5,69.9,10,8.7,9,20.1,18.6,73.8,67.9,35.5,33.9,6.5,5.7,34.9,36.1,12.7,13.3,22,0
15.4,11.2,2.9,3.6,44.7,40.3,64.8,66.5,8,13.1,8.9,15.5,17.1,67.1,57.5,38.8,30.6,7.9,6.4,31.7,30.1,12.7,14.2,26,0
15.8,11.1,4.1,3.9,44.6,40,69.3,66.1,8,10.3,9.7,17.4,19.4,68.7,61.8,37.4,32.3,5.2,5.5,34.3,31.4,12.4,10.8,24,0
14.1,10.8,4.6,2.6,44.3,39.8,72.3,71.5,5,8.3,8.6,18.6,18.8,70.5,61.3,33.4,35,7.1,5.2,31.9,35.3,10.9,15.7,27,0
12.6,9.9,4.5,3.3,44.7,39.5,70,70.6,8,7.4,11.2,18,17.8,69.3,62.7,32.5,37.9,8.3,5.4,35.5,30.1,11.2,15.1,26,0
12.4,11.9,2.3,3.4,43.6,40.7,66.6,71.9,11,9.9,9.2,21.6,20,68.5,65.9,35.1,33.5,7.6,7,36.1,32.1,14.9,15.7,23,0
20.3,16.5,2.6,2.8,46.3,43.1,70.3,68.1,7,11.1,9,20,20.4,79.3,69.3,37.8,33.5,7.8,6.4,37,33,13.4,15.5,25,0
13.5,12.4,4.6,3.1,47.4,40.4,62.1,69.3,8,11.7,9.2,16.2,18.1,70.3,61.8,37,30.4,7.4,5.9,31.7,35,13.3,13.3,25,0
14.3,13.8,3.5,3.3,45.4,42.8,67.3,63.8,6,11.4,9.1,13.9,18.5,75.1,65.5,38.5,34.4,8.7,6.1,32.1,32.8,12.3,15.2,27,0
16,9.7,5.2,2.3,48.4,42.3,76.1,66.3,5,9.7,9.6,16.4,17.6,78.5,66.4,36.6,32.3,4.9,5.6,40.6,30.1,11.6,10.9,26,0
19.2,15.5,6.3,2.3,51.6,39.8,67.7,63.7,4,10.7,12.1,14.7,17.9,80.9,66.4,38.2,33.9,9.6,8.5,39.1,30.2,15.2,15.6,28,0
14.7,9.8,3,2.9,43.8,38.3,68.9,69.9,5,9.4,8.4,14.9,16.2,64.9,56.8,36.6,32.7,4.7,5.3,33.7,28.5,10.5,11.3,29,0
14.3,11.4,3.6,4.2,45.6,39.6,67.1,69.5,8,10.3,10.3,19.7,18.9,73.5,65.2,36.5,35.4,7.8,6.1,32,29.7,13.3,16.2,25,0
14.4,11.5,5.7,3.7,46.6,40.3,63.3,68.4,9,13.3,9.9,19.7,21.1,81.2,70,41.9,36.1,7.9,7.3,34.5,32.2,13.6,15.2,24,0
12.3,12.1,3.3,4.4,44,41.1,66.1,70.3,9,10.3,8.5,18.2,21.9,71.4,64.5,36.8,34.1,6.6,6.4,33.5,33.4,12.3,13.9,23,0
13.8,12.9,3.1,2.8,44.3,41.7,68.1,66.8,9,7.4,10,19.1,20.1,67.6,65.7,32.8,35,6.7,7.2,37.7,30.8,15.3,15.3,20,0
16.2,10.4,3.4,2.7,46.1,39.9,71.6,70.7,8,8.8,8.8,20.3,17.5,73.1,63.8,33.8,34.4,7.8,4.8,33.2,33.2,11.6,15.7,25,0
16.7,11.1,3.5,3.1,48.8,40.5,75.8,70.9,7,9.2,8.1,16.1,15.7,73.1,59.9,35.4,29.4,4.6,4.8,41.3,32.2,10.2,11.2,27,0
14.8,11.5,3.6,2.4,47.4,39.2,67.3,66.8,6,8.7,9.5,19.5,18.7,75.3,64.6,36.2,35.5,8.7,5.8,34.3,31.3,13.2,15.7,26,0
13.2,12,5.1,3.9,47,41.1,72.1,63,8,9.2,11.1,19.1,21,76.9,68.9,36.2,35.8,5.7,6.7,36.8,33.7,13.6,13.5,24,0
12.1,11.1,4,3.8,43.9,40.1,68.6,69.2,9,11,10.7,18.1,22.1,70.2,64.8,36.9,34.2,6.8,6.9,31.7,32,13.9,13.7,25,0
13.6,13.5,4,4.2,45.9,40.9,75.5,71,7,11.4,9.4,22.1,21.1,81.8,72.8,38.5,33.9,7.8,6.6,37.3,33.6,13.7,15.3,24,0
15.5,11.5,4.1,2.9,43,41.7,70.4,67.9,6,13.5,9.3,18.1,20.9,72.4,63.5,38.7,32.2,5.6,6.2,33.8,32.4,11.8,13.4,27,0
11.9,11.4,5.3,3.9,43.4,39,65.7,68.7,10,13.7,12.2,20.1,20.8,72.8,69.5,42.1,37.4,7.1,7.2,30.8,29.2,15.2,13.7,19,0
14.3,11.1,4.2,3,45.4,42.1,72,68.2,9,11.5,9.8,21.2,20.9,79.2,70,37.9,34.3,7.3,6.1,33.6,32.1,12.8,16.1,24,0
10.5,11.9,4.1,3.7,38,39.7,64.4,67.2,13,11.9,9.4,18.8,18.1,61.9,61.4,38.6,37.2,8.6,6.3,24.8,29.6,12.2,15.4,19,0
12.5,9.5,3.4,2.2,44.3,42.4,73.2,68.9,8,8.7,6.6,16.2,17.7,67.1,56.9,32,30.4,5.7,4.5,35.7,34.3,8.8,12,23,0
13.4,9.3,2.1,3.9,44.1,41.7,66.9,67.3,8,9.7,8.6,17.7,19.5,68.8,61,35.6,32.5,6.9,5.2,35.1,30.6,11.9,14,26,0
14.1,13.4,3.8,5,46.2,41,71.1,65.4,8,10.5,9.6,18.8,20.8,79.8,69.5,40.4,35.2,6.7,6.4,37.7,29.8,12.9,12.8,24,0
14.4,11.8,3.6,2.4,43.1,41.6,70.4,66,12,8.5,10,19.2,18.2,70.1,65.7,34.3,37.3,6.6,5.9,36.1,32,11.9,14.3,23,0
11.5,11.4,4.7,2.5,39.5,40.4,60.3,68.3,17,11.3,9.6,22.2,20.6,61.3,63.8,36.3,35.4,7.3,7.5,28.3,34.3,15.7,15.6,17,0
14.1,13.1,2.6,3.4,46.9,44.4,74.6,67.8,7,9.2,8.4,18.6,19.8,76.4,67.9,34.7,30.7,5.2,5.9,39.7,29.3,12.7,12.5,27,0
12,12.5,2.5,3.6,42.6,43.5,69,71.1,16,8.7,8.9,20.5,20.4,68.3,67.4,33.4,34.9,5.8,4.3,39.3,33.8,11.9,13.8,19,0
16.1,11,3.4,4.4,46.2,40.9,73.6,67.9,4,11.1,9.6,20.8,20.5,79.7,62.2,36,32.4,9.7,6.9,37.8,33.6,13.7,19,30,0
10,12.1,3.7,3.5,40.5,40.1,73,70.2,13,9.5,9.9,18.2,18.3,65.5,63.9,35.4,35.5,5.4,4.9,35.8,32.5,11.9,11.3,21,0
14.4,12.4,3.1,2.6,44.6,39.6,78.8,69.7,8,6.7,8.6,18,17.4,70.2,63.9,33.8,34.2,4.7,5.5,40,31.7,11.2,11.8,25,0
11.9,10.8,1.6,2.9,43.3,42.4,72.6,67.2,9,10,7.8,18.8,19.6,71.2,64.1,35.2,32.1,5.9,5.3,35.2,32.4,10.9,12.5,23,0
14.5,12.5,4.1,3.4,44.9,41.5,76.5,68.9,4,9.8,9,17.5,19.4,81.4,67.9,38.5,35.7,8.1,5.8,36.1,32.7,10.9,14.4,30,0
14.2,11.6,3.7,2.9,43.8,41.1,66.8,70.3,8,11.3,8.7,17.2,17.9,68.9,59.6,35.3,31.1,7.4,5.9,33.8,32.4,11.5,14.1,25,0
13.1,11.2,4.7,3.1,44.3,40.2,70.1,71,11,9.8,8.9,18.3,18.9,68.5,61.4,34.6,33,8,6.6,34.4,33.1,13.2,15.2,21,0
13,12.2,5.6,3.5,43.4,39.3,76.3,68,9,12,11.1,15.7,18.1,72.4,64.9,39.7,35.2,6.3,6.1,32.9,32.7,11.4,11.5,26,1
14.3,11.8,4.4,2.8,47.1,40.5,75.3,65,4,10.5,10.8,17.7,20.1,80.9,64.7,37.8,35.1,7.3,5.9,37.4,32.4,12.1,14.8,30,0
14.1,11.4,3.5,3.2,46.5,42,66.8,67.2,7,10.9,9.1,14.7,18.2,72.1,63.4,37.4,31.9,6,6.1,35.3,31.1,12.2,12.5,26,0
12.4,11.2,5.8,3.1,43.5,36.3,66.5,69.6,10,11.1,10,19,19.8,69.1,62,39,34.2,8.5,7.4,33.5,30.6,15.9,15.2,21,0
14.2,11.6,3.2,3.2,47.1,41.2,68.9,67.9,6,9.1,9.3,17.1,19.6,72.8,62.5,34.9,32.8,6.6,5.4,39.5,32.6,11.1,13.3,26,0
15,12.2,4.3,3.8,47.5,41.9,73.4,70.7,10,8.4,9.5,18.8,17,70.6,66.3,33.8,31.3,6,7,35.4,33.7,13.5,11.4,21,0
15,9,4.9,3.4,45.1,39.7,69.7,69.9,11,10.4,9.7,16.4,17.1,68.7,64.4,37.6,32.9,6.4,6.6,34.2,31.9,13.5,12,21,0
15.5,10.7,3.8,2.9,47.9,40.4,76.2,70.4,9,10,8.5,18.5,20.4,76.7,65.9,37.5,31,7.3,6.5,37,36.5,13.5,14.4,24,0
11.7,10.2,5.6,3.2,40.5,38.4,64.8,67.4,8,9.5,11.2,18.3,20.1,66.5,62.8,35.5,39.9,7.3,5.1,32.4,31.7,12.5,15.7,24,0
16.7,12.2,4.5,2.8,46.8,40.4,72.9,72.3,13,8.6,9.8,17.6,16.2,71,65.4,34.7,33,5.5,5.6,38.7,30.5,12.8,12.1,19,0
12.7,11.3,4.3,2.7,42.9,40.7,71,71.9,13,8.9,8.6,20.1,19.5,66.3,64.5,34.4,33.3,6.2,6,36.2,33.2,14,13.1,20,0
17.7,11.3,4,2.7,50.8,39.4,67.9,73,2,11.1,8.9,17.5,19.3,81.2,64.7,38.8,30.8,7.8,6,38.2,29.8,13.3,14.1,32,0
13.9,10.9,4.5,3.3,43.8,42.2,65.4,70.9,10,12.6,8.4,20.4,21.7,72.8,66.1,37.6,31.1,6.1,6.6,37.5,35.2,14.6,15.4,22,0
12.7,11,6.3,3.5,45.9,39.5,71,72.3,8,10.4,9.1,15.8,18.3,74.9,63.5,37.3,33.8,5.6,5.3,39.7,32.4,10.7,12.1,25,0
15.2,15.6,3.4,3.5,46.2,43.5,64.6,66,5,12.8,11.5,17.5,23.5,82.7,74.7,41.7,37.3,7.5,6.8,36.1,29.7,15.3,15.1,27,0
17.3,11.3,5,2.6,45.3,39.4,66.3,69.6,9,11.3,10.9,19.1,16.9,74.9,64.5,36.3,36.2,9.3,6.8,36.2,31.1,13.1,16.1,25,0
15.5,15.2,3.6,3.5,46.5,43.8,69.6,66,14,10.7,10.2,16.8,20.6,75.2,68.8,35.9,33.5,7.2,6.3,34.9,35.8,12.3,14,20,0
14.6,12.9,5.2,4.1,45.1,41.7,68,68.3,9,10.3,10.7,20.3,19.1,72.1,68.3,35.6,34.7,8.5,7.4,32.9,33,15.3,14.9,25,0
13.7,12.9,2,2.9,44.8,42.9,69.9,67.8,13,7.3,8.3,16.8,16.6,66.5,62.5,31.9,33.7,4.8,4.3,35.2,31.9,10,11.7,20,0
15,11.9,4.9,3.3,43.1,42.3,70,66.2,14,10.5,8.2,19.1,17.8,68.8,66.6,36.9,32.9,6.4,6.4,35.5,36.4,13.4,12.1,19,0
16.4,13.5,5,2.8,45.9,43.8,73.9,69.2,10,10.6,11.1,20.2,19,80.8,71.6,35.2,37.2,9.7,5.8,36.6,34.1,12.7,18.1,23,0
12.1,13,3.1,2.7,45.4,41.9,67.4,69.3,9,12,7.3,18.6,19.2,68.9,61.8,37.4,28.3,8.6,6.8,33.9,36.4,15,14.9,24,0
15.5,12.8,5.5,3.1,45.1,40.5,67.2,65.9,7,12.5,10.5,16.1,20.1,77.5,68.8,42.6,36.2,6.2,7.5,32.8,33.1,13.3,14.3,26,0
11.6,12.5,1.9,3.3,42.8,41,77,70.7,10,9.7,8.4,19,20.2,71.5,65.8,35.9,31,5.7,6.2,38.7,34.6,14.2,13.8,21,0
16.5,13.4,3.7,3.2,46.1,40.9,72.4,71,6,9.5,8.8,15.1,20.2,75.2,65.5,36.9,32.6,4.6,5.1,38.6,35.4,10.7,10.3,26,0
16.2,13.8,5.5,2.8,49.2,44.4,72.1,72.1,9,11.3,10.5,18.4,20.5,85.5,76.9,39,34,6.2,6.7,37.4,36.3,13.5,12.1,25,0
15.9,11.5,3.2,3.2,49.4,42.4,70.1,73.7,2,9.9,7.5,14,18.7,77.1,59.7,34.5,29.6,7.1,4.1,42.3,34,10.1,14.9,32,0
14.3,12.5,4.3,3,43.9,40.4,66.8,62.5,6,13.9,8.1,14.8,18.2,65.6,58.4,39.9,28.1,6.9,5.8,32.9,36.6,12.5,11.5,27,0
12.1,14.2,2.4,3.7,43.9,44,72.4,69.7,14,8.4,7.7,15.6,17.4,63.1,62.5,31.4,30.1,4.4,4.7,33.9,36.5,10.5,10.8,19,0
17.5,11.6,3.3,4.1,47.5,39.7,67.1,67.6,5,12.5,8.6,17.9,20.1,73.9,61,39.9,29.2,4.7,4.9,39.5,32.6,11.7,11.1,27,0
13.3,10.9,4.2,3.9,46.4,42.4,73.2,71.5,6,8.4,7.4,17.2,17.4,69.2,63,34.5,30.5,6,5.7,36.2,33,12.2,12,25,0
15.8,12.6,4.1,3.2,44.7,41.5,71.5,69.7,7,9.4,8.5,17.8,18.6,72.5,61.9,35.6,33.6,6.2,5.8,36.4,32.6,10.4,14.1,25,0
14.8,11.2,4.2,2.6,46,40.5,68.7,68.7,7,8.2,10.5,15.8,17.7,69.6,61.2,33,35.1,5.9,4.6,39,30.6,10.4,12.4,27,0
13.5,10.9,4.6,2.7,46.3,39.6,69.7,72,2,11.5,8.5,14.6,16.7,71.9,59.2,37.7,31,6.1,5,34.9,31.9,10.9,12.5,32,0
12.6,14.9,2.8,3.9,45.5,43.4,71,70.4,11,9.5,9.3,18.9,20.3,70.1,67,32.4,33,8.1,6.1,33.5,37.2,12.4,16.1,21,0
11.2,10.6,4.5,3.9,40,37.6,64.4,65.5,13,9.9,10.3,19.4,19.3,60.9,60.1,35.6,36.6,7.7,7.1,34.4,30.6,15,14.2,20,0
16.2,14.3,6.6,2.9,47.2,39.4,66.5,66.7,7,10.5,10.5,15.5,17.5,73.4,63.3,37.4,33.8,8.7,6.4,35.4,31.5,12.4,14,26,0
15,11.4,4.6,3.1,44.7,41.4,69.8,70.8,7,9.8,8.5,15.8,17,70.6,62.5,35.8,33.3,6.8,5.1,35.3,35.8,10.8,13.2,25,0
13,12.2,3.7,4.1,43.1,41.8,68.4,70.5,14,11.9,9.3,19.4,19.1,69.9,67.5,37.6,33.9,7.4,6.7,30,33.2,13.4,14,19,0
13.5,9.5,5.1,2.9,45.5,38.7,65.4,68.5,7,11.8,9.8,17.1,20.8,75,62.2,40.3,34,5.8,5.3,37.6,29.5,11.8,12.8,27,0
13.5,11.2,1.5,4.4,44.1,41.2,69.7,68.8,8,10.8,8.4,18.2,20.7,68.3,60.9,36.2,29.9,6.5,6.3,34,31.6,12.9,13.4,24,0
12.6,13,2.2,3.3,42.9,41.9,70.5,69.5,13,9.1,10.6,19.2,20.4,70.1,69.5,34.9,36.5,7.1,5.9,35.1,33.2,13.6,14.1,19,0
13.5,10.9,3.1,3.3,43.9,41.3,71.7,70.3,8,9.4,8.9,16.5,17.4,68.4,62.5,35.7,33.4,5.3,6,34.2,31,12.5,12.4,22,0
14.5,11.8,5.8,2.9,45.5,41.8,67.9,67.3,10,10.4,10,17.4,19.2,70.1,66.2,37.2,32.8,5.4,6.9,32.6,34.8,14.7,12.1,22,0
14.3,12.9,4.2,2.1,45.4,40.7,75.2,70.1,13,7.6,9.9,19.1,17.4,67.8,65.8,32.4,33,7.3,6.1,37.2,36.3,14.2,13.4,18,0
14.5,12.7,4.5,3.5,45.2,41.7,71.1,68.1,13,10.2,11.5,19.5,20.3,73.7,68.6,35.7,36.6,9.1,7.4,32.6,33.6,14.9,17.4,19,0
15.4,10.8,3.7,2.5,45.9,40.6,68.9,69.7,8,10.1,9.3,19.2,19.6,71.6,62.9,34.9,33.5,8.1,5,33,32.9,12.5,16.2,24,0
11.8,10.1,3.1,2.9,44.4,40.9,65.1,70.1,14,8.9,8,17.3,17.6,66.2,62.7,33.9,33,5.9,4.9,35.4,33.5,11.5,11.9,19,0
14.6,10.6,3.2,2.9,47,38.3,73.7,67.7,3,9.4,8,17.4,19.6,72,58.7,37.3,29.6,4.7,5.4,36.6,30.2,11.8,12.1,30,0
14.6,13,3.5,3.8,43.5,44.1,71.5,67.8,11,9.5,10.7,18.4,18.7,71.6,66.8,32.3,36.4,8.2,5.9,37,33.6,11.3,14.6,23,0
13.4,11.5,4.8,3.4,45.8,41.1,74.3,69.7,10,9.7,10.3,16.2,19.9,75.9,67.7,36.9,34.5,5.1,6.8,37.1,31.3,13,11.9,23,0
13.6,13.4,3.8,3.6,43.8,40.6,75.7,70.8,11,9.8,8.3,17.5,19.6,72.2,65.4,37.1,32.5,6.3,5.9,34.8,32,11.9,12,21,0
14.9,11.1,4.1,3.1,42.9,41.2,71.1,69.6,11,12.3,10.7,17.9,21,69.8,64.7,37.2,33.8,4.7,6.4,33.7,29.1,12,11.9,20,0
16.9,11,5.1,2.8,46.9,41.8,67.4,68,10,12.3,9.9,20.2,18.7,83.1,70.7,39.1,34.8,6.7,5.9,37.1,32.8,12.2,14.8,23,0
13,9.6,3.1,1.8,44,42.8,81.8,74.4,8,9.4,6.9,15.3,16.8,67.9,58.6,32,28.5,3.6,3.9,37.4,37,7.6,9.7,23,0
14.3,10.7,2.5,3.2,47.7,44.5,69.3,71.8,12,9.5,9.2,19.2,19.8,73.6,68,32.5,31.6,6.6,5.9,40,34.8,11.9,13.3,21,0
13.3,13.1,3.1,3.3,46.1,40.6,74.7,73,7,9.2,8.4,17.2,20.3,72.1,64.6,35.3,31,5.4,5.7,32.9,33.9,12.1,12.5,24,0
